-- MySQL dump 10.13  Distrib 8.0.33, for Linux (x86_64)
--
-- Host: localhost    Database: conect
-- ------------------------------------------------------
-- Server version	8.0.33-0ubuntu0.20.04.2

/*!40101 SET @OLD_CHARACTER_SET_CLIENT=@@CHARACTER_SET_CLIENT */;
/*!40101 SET @OLD_CHARACTER_SET_RESULTS=@@CHARACTER_SET_RESULTS */;
/*!40101 SET @OLD_COLLATION_CONNECTION=@@COLLATION_CONNECTION */;
/*!50503 SET NAMES utf8mb4 */;
/*!40103 SET @OLD_TIME_ZONE=@@TIME_ZONE */;
/*!40103 SET TIME_ZONE='+00:00' */;
/*!40014 SET @OLD_UNIQUE_CHECKS=@@UNIQUE_CHECKS, UNIQUE_CHECKS=0 */;
/*!40014 SET @OLD_FOREIGN_KEY_CHECKS=@@FOREIGN_KEY_CHECKS, FOREIGN_KEY_CHECKS=0 */;
/*!40101 SET @OLD_SQL_MODE=@@SQL_MODE, SQL_MODE='NO_AUTO_VALUE_ON_ZERO' */;
/*!40111 SET @OLD_SQL_NOTES=@@SQL_NOTES, SQL_NOTES=0 */;

--
-- Table structure for table `auth_group`
--

DROP TABLE IF EXISTS `auth_group`;
/*!40101 SET @saved_cs_client     = @@character_set_client */;
/*!50503 SET character_set_client = utf8mb4 */;
CREATE TABLE `auth_group` (
  `id` int NOT NULL AUTO_INCREMENT,
  `name` varchar(150) NOT NULL,
  PRIMARY KEY (`id`),
  UNIQUE KEY `name` (`name`)
) ENGINE=InnoDB DEFAULT CHARSET=utf8mb4 COLLATE=utf8mb4_0900_ai_ci;
/*!40101 SET character_set_client = @saved_cs_client */;

--
-- Dumping data for table `auth_group`
--

LOCK TABLES `auth_group` WRITE;
/*!40000 ALTER TABLE `auth_group` DISABLE KEYS */;
/*!40000 ALTER TABLE `auth_group` ENABLE KEYS */;
UNLOCK TABLES;

--
-- Table structure for table `auth_group_permissions`
--

DROP TABLE IF EXISTS `auth_group_permissions`;
/*!40101 SET @saved_cs_client     = @@character_set_client */;
/*!50503 SET character_set_client = utf8mb4 */;
CREATE TABLE `auth_group_permissions` (
  `id` bigint NOT NULL AUTO_INCREMENT,
  `group_id` int NOT NULL,
  `permission_id` int NOT NULL,
  PRIMARY KEY (`id`),
  UNIQUE KEY `auth_group_permissions_group_id_permission_id_0cd325b0_uniq` (`group_id`,`permission_id`),
  KEY `auth_group_permissio_permission_id_84c5c92e_fk_auth_perm` (`permission_id`),
  CONSTRAINT `auth_group_permissio_permission_id_84c5c92e_fk_auth_perm` FOREIGN KEY (`permission_id`) REFERENCES `auth_permission` (`id`),
  CONSTRAINT `auth_group_permissions_group_id_b120cbf9_fk_auth_group_id` FOREIGN KEY (`group_id`) REFERENCES `auth_group` (`id`)
) ENGINE=InnoDB DEFAULT CHARSET=utf8mb4 COLLATE=utf8mb4_0900_ai_ci;
/*!40101 SET character_set_client = @saved_cs_client */;

--
-- Dumping data for table `auth_group_permissions`
--

LOCK TABLES `auth_group_permissions` WRITE;
/*!40000 ALTER TABLE `auth_group_permissions` DISABLE KEYS */;
/*!40000 ALTER TABLE `auth_group_permissions` ENABLE KEYS */;
UNLOCK TABLES;

--
-- Table structure for table `auth_permission`
--

DROP TABLE IF EXISTS `auth_permission`;
/*!40101 SET @saved_cs_client     = @@character_set_client */;
/*!50503 SET character_set_client = utf8mb4 */;
CREATE TABLE `auth_permission` (
  `id` int NOT NULL AUTO_INCREMENT,
  `name` varchar(255) NOT NULL,
  `content_type_id` int NOT NULL,
  `codename` varchar(100) NOT NULL,
  PRIMARY KEY (`id`),
  UNIQUE KEY `auth_permission_content_type_id_codename_01ab375a_uniq` (`content_type_id`,`codename`),
  CONSTRAINT `auth_permission_content_type_id_2f476e4b_fk_django_co` FOREIGN KEY (`content_type_id`) REFERENCES `django_content_type` (`id`)
) ENGINE=InnoDB AUTO_INCREMENT=173 DEFAULT CHARSET=utf8mb4 COLLATE=utf8mb4_0900_ai_ci;
/*!40101 SET character_set_client = @saved_cs_client */;

--
-- Dumping data for table `auth_permission`
--

LOCK TABLES `auth_permission` WRITE;
/*!40000 ALTER TABLE `auth_permission` DISABLE KEYS */;
INSERT INTO `auth_permission` VALUES (1,'Can add log entry',1,'add_logentry'),(2,'Can change log entry',1,'change_logentry'),(3,'Can delete log entry',1,'delete_logentry'),(4,'Can view log entry',1,'view_logentry'),(5,'Can add permission',2,'add_permission'),(6,'Can change permission',2,'change_permission'),(7,'Can delete permission',2,'delete_permission'),(8,'Can view permission',2,'view_permission'),(9,'Can add group',3,'add_group'),(10,'Can change group',3,'change_group'),(11,'Can delete group',3,'delete_group'),(12,'Can view group',3,'view_group'),(13,'Can add user',4,'add_user'),(14,'Can change user',4,'change_user'),(15,'Can delete user',4,'delete_user'),(16,'Can view user',4,'view_user'),(17,'Can add content type',5,'add_contenttype'),(18,'Can change content type',5,'change_contenttype'),(19,'Can delete content type',5,'delete_contenttype'),(20,'Can view content type',5,'view_contenttype'),(21,'Can add session',6,'add_session'),(22,'Can change session',6,'change_session'),(23,'Can delete session',6,'delete_session'),(24,'Can view session',6,'view_session'),(25,'Can add cohort',7,'add_cohort'),(26,'Can change cohort',7,'change_cohort'),(27,'Can delete cohort',7,'delete_cohort'),(28,'Can view cohort',7,'view_cohort'),(29,'Can add data file',8,'add_datafile'),(30,'Can change data file',8,'change_datafile'),(31,'Can delete data file',8,'delete_datafile'),(32,'Can view data file',8,'view_datafile'),(33,'Can add patient',9,'add_patient'),(34,'Can change patient',9,'change_patient'),(35,'Can delete patient',9,'delete_patient'),(36,'Can view patient',9,'view_patient'),(37,'Can add project',10,'add_project'),(38,'Can change project',10,'change_project'),(39,'Can delete project',10,'delete_project'),(40,'Can view project',10,'view_project'),(41,'Can add sample',11,'add_sample'),(42,'Can change sample',11,'change_sample'),(43,'Can delete sample',11,'delete_sample'),(44,'Can view sample',11,'view_sample'),(45,'Can add sequencing',12,'add_sequencing'),(46,'Can change sequencing',12,'change_sequencing'),(47,'Can delete sequencing',12,'delete_sequencing'),(48,'Can view sequencing',12,'view_sequencing'),(49,'Can add workflow',13,'add_workflow'),(50,'Can change workflow',13,'change_workflow'),(51,'Can delete workflow',13,'delete_workflow'),(52,'Can view workflow',13,'view_workflow'),(53,'Can add cohort has patient',14,'add_cohorthaspatient'),(54,'Can change cohort has patient',14,'change_cohorthaspatient'),(55,'Can delete cohort has patient',14,'delete_cohorthaspatient'),(56,'Can view cohort has patient',14,'view_cohorthaspatient'),(57,'Can add project has cohort',15,'add_projecthascohort'),(58,'Can change project has cohort',15,'change_projecthascohort'),(59,'Can delete project has cohort',15,'delete_projecthascohort'),(60,'Can view project has cohort',15,'view_projecthascohort'),(61,'Can add sample has data file',16,'add_samplehasdatafile'),(62,'Can change sample has data file',16,'change_samplehasdatafile'),(63,'Can delete sample has data file',16,'delete_samplehasdatafile'),(64,'Can view sample has data file',16,'view_samplehasdatafile'),(65,'Can add sample has workflow',17,'add_samplehasworkflow'),(66,'Can change sample has workflow',17,'change_samplehasworkflow'),(67,'Can delete sample has workflow',17,'delete_samplehasworkflow'),(68,'Can view sample has workflow',17,'view_samplehasworkflow'),(69,'Can add auth group',18,'add_authgroup'),(70,'Can change auth group',18,'change_authgroup'),(71,'Can delete auth group',18,'delete_authgroup'),(72,'Can view auth group',18,'view_authgroup'),(73,'Can add auth group permissions',19,'add_authgrouppermissions'),(74,'Can change auth group permissions',19,'change_authgrouppermissions'),(75,'Can delete auth group permissions',19,'delete_authgrouppermissions'),(76,'Can view auth group permissions',19,'view_authgrouppermissions'),(77,'Can add auth permission',20,'add_authpermission'),(78,'Can change auth permission',20,'change_authpermission'),(79,'Can delete auth permission',20,'delete_authpermission'),(80,'Can view auth permission',20,'view_authpermission'),(81,'Can add auth user',21,'add_authuser'),(82,'Can change auth user',21,'change_authuser'),(83,'Can delete auth user',21,'delete_authuser'),(84,'Can view auth user',21,'view_authuser'),(85,'Can add auth user groups',22,'add_authusergroups'),(86,'Can change auth user groups',22,'change_authusergroups'),(87,'Can delete auth user groups',22,'delete_authusergroups'),(88,'Can view auth user groups',22,'view_authusergroups'),(89,'Can add auth user user permissions',23,'add_authuseruserpermissions'),(90,'Can change auth user user permissions',23,'change_authuseruserpermissions'),(91,'Can delete auth user user permissions',23,'delete_authuseruserpermissions'),(92,'Can view auth user user permissions',23,'view_authuseruserpermissions'),(93,'Can add django admin log',24,'add_djangoadminlog'),(94,'Can change django admin log',24,'change_djangoadminlog'),(95,'Can delete django admin log',24,'delete_djangoadminlog'),(96,'Can view django admin log',24,'view_djangoadminlog'),(97,'Can add django content type',25,'add_djangocontenttype'),(98,'Can change django content type',25,'change_djangocontenttype'),(99,'Can delete django content type',25,'delete_djangocontenttype'),(100,'Can view django content type',25,'view_djangocontenttype'),(101,'Can add django migrations',26,'add_djangomigrations'),(102,'Can change django migrations',26,'change_djangomigrations'),(103,'Can delete django migrations',26,'delete_djangomigrations'),(104,'Can view django migrations',26,'view_djangomigrations'),(105,'Can add django session',27,'add_djangosession'),(106,'Can change django session',27,'change_djangosession'),(107,'Can delete django session',27,'delete_djangosession'),(108,'Can view django session',27,'view_djangosession'),(109,'Can add file',28,'add_file'),(110,'Can change file',28,'change_file'),(111,'Can delete file',28,'delete_file'),(112,'Can view file',28,'view_file'),(113,'Can add uploaded file',29,'add_uploadedfile'),(114,'Can change uploaded file',29,'change_uploadedfile'),(115,'Can delete uploaded file',29,'delete_uploadedfile'),(116,'Can view uploaded file',29,'view_uploadedfile'),(117,'Can add patient',30,'add_patient'),(118,'Can change patient',30,'change_patient'),(119,'Can delete patient',30,'delete_patient'),(120,'Can view patient',30,'view_patient'),(121,'Can add sample',31,'add_sample'),(122,'Can change sample',31,'change_sample'),(123,'Can delete sample',31,'delete_sample'),(124,'Can view sample',31,'view_sample'),(125,'Can add auth group',32,'add_authgroup'),(126,'Can change auth group',32,'change_authgroup'),(127,'Can delete auth group',32,'delete_authgroup'),(128,'Can view auth group',32,'view_authgroup'),(129,'Can add auth group permissions',33,'add_authgrouppermissions'),(130,'Can change auth group permissions',33,'change_authgrouppermissions'),(131,'Can delete auth group permissions',33,'delete_authgrouppermissions'),(132,'Can view auth group permissions',33,'view_authgrouppermissions'),(133,'Can add auth permission',34,'add_authpermission'),(134,'Can change auth permission',34,'change_authpermission'),(135,'Can delete auth permission',34,'delete_authpermission'),(136,'Can view auth permission',34,'view_authpermission'),(137,'Can add auth user',35,'add_authuser'),(138,'Can change auth user',35,'change_authuser'),(139,'Can delete auth user',35,'delete_authuser'),(140,'Can view auth user',35,'view_authuser'),(141,'Can add auth user groups',36,'add_authusergroups'),(142,'Can change auth user groups',36,'change_authusergroups'),(143,'Can delete auth user groups',36,'delete_authusergroups'),(144,'Can view auth user groups',36,'view_authusergroups'),(145,'Can add auth user user permissions',37,'add_authuseruserpermissions'),(146,'Can change auth user user permissions',37,'change_authuseruserpermissions'),(147,'Can delete auth user user permissions',37,'delete_authuseruserpermissions'),(148,'Can view auth user user permissions',37,'view_authuseruserpermissions'),(149,'Can add django admin log',38,'add_djangoadminlog'),(150,'Can change django admin log',38,'change_djangoadminlog'),(151,'Can delete django admin log',38,'delete_djangoadminlog'),(152,'Can view django admin log',38,'view_djangoadminlog'),(153,'Can add django content type',39,'add_djangocontenttype'),(154,'Can change django content type',39,'change_djangocontenttype'),(155,'Can delete django content type',39,'delete_djangocontenttype'),(156,'Can view django content type',39,'view_djangocontenttype'),(157,'Can add django migrations',40,'add_djangomigrations'),(158,'Can change django migrations',40,'change_djangomigrations'),(159,'Can delete django migrations',40,'delete_djangomigrations'),(160,'Can view django migrations',40,'view_djangomigrations'),(161,'Can add django session',41,'add_djangosession'),(162,'Can change django session',41,'change_djangosession'),(163,'Can delete django session',41,'delete_djangosession'),(164,'Can view django session',41,'view_djangosession'),(165,'Can add file',42,'add_file'),(166,'Can change file',42,'change_file'),(167,'Can delete file',42,'delete_file'),(168,'Can view file',42,'view_file'),(169,'Can add project',43,'add_project'),(170,'Can change project',43,'change_project'),(171,'Can delete project',43,'delete_project'),(172,'Can view project',43,'view_project');
/*!40000 ALTER TABLE `auth_permission` ENABLE KEYS */;
UNLOCK TABLES;

--
-- Table structure for table `auth_user`
--

DROP TABLE IF EXISTS `auth_user`;
/*!40101 SET @saved_cs_client     = @@character_set_client */;
/*!50503 SET character_set_client = utf8mb4 */;
CREATE TABLE `auth_user` (
  `id` int NOT NULL AUTO_INCREMENT,
  `password` varchar(128) NOT NULL,
  `last_login` datetime(6) DEFAULT NULL,
  `is_superuser` tinyint(1) NOT NULL,
  `username` varchar(150) NOT NULL,
  `first_name` varchar(150) NOT NULL,
  `last_name` varchar(150) NOT NULL,
  `email` varchar(254) NOT NULL,
  `is_staff` tinyint(1) NOT NULL,
  `is_active` tinyint(1) NOT NULL,
  `date_joined` datetime(6) NOT NULL,
  PRIMARY KEY (`id`),
  UNIQUE KEY `username` (`username`)
) ENGINE=InnoDB AUTO_INCREMENT=3 DEFAULT CHARSET=utf8mb4 COLLATE=utf8mb4_0900_ai_ci;
/*!40101 SET character_set_client = @saved_cs_client */;

--
-- Dumping data for table `auth_user`
--

LOCK TABLES `auth_user` WRITE;
/*!40000 ALTER TABLE `auth_user` DISABLE KEYS */;
INSERT INTO `auth_user` VALUES (1,'pbkdf2_sha256$320000$BdiNa6jhzGMfMa1mfJRzqS$qH/y32JnVPApoVRUStIVtw5M0nKD3BtvEuz57hXLXUo=','2023-09-11 08:10:23.160779',1,'wael','','','waelbenammar007@gmail.com',1,1,'2023-09-06 15:10:43.074701'),(2,'pbkdf2_sha256$320000$9Et3XPitkZxyGLIJEs27T2$+86EoVwlhbtHU4WSTgJFfHj3cgXL2w7zZdUAr7ibApo=',NULL,1,'christophe','','','drosofff@gmail.com',1,1,'2023-09-12 11:37:17.306927');
/*!40000 ALTER TABLE `auth_user` ENABLE KEYS */;
UNLOCK TABLES;

--
-- Table structure for table `auth_user_groups`
--

DROP TABLE IF EXISTS `auth_user_groups`;
/*!40101 SET @saved_cs_client     = @@character_set_client */;
/*!50503 SET character_set_client = utf8mb4 */;
CREATE TABLE `auth_user_groups` (
  `id` bigint NOT NULL AUTO_INCREMENT,
  `user_id` int NOT NULL,
  `group_id` int NOT NULL,
  PRIMARY KEY (`id`),
  UNIQUE KEY `auth_user_groups_user_id_group_id_94350c0c_uniq` (`user_id`,`group_id`),
  KEY `auth_user_groups_group_id_97559544_fk_auth_group_id` (`group_id`),
  CONSTRAINT `auth_user_groups_group_id_97559544_fk_auth_group_id` FOREIGN KEY (`group_id`) REFERENCES `auth_group` (`id`),
  CONSTRAINT `auth_user_groups_user_id_6a12ed8b_fk_auth_user_id` FOREIGN KEY (`user_id`) REFERENCES `auth_user` (`id`)
) ENGINE=InnoDB DEFAULT CHARSET=utf8mb4 COLLATE=utf8mb4_0900_ai_ci;
/*!40101 SET character_set_client = @saved_cs_client */;

--
-- Dumping data for table `auth_user_groups`
--

LOCK TABLES `auth_user_groups` WRITE;
/*!40000 ALTER TABLE `auth_user_groups` DISABLE KEYS */;
/*!40000 ALTER TABLE `auth_user_groups` ENABLE KEYS */;
UNLOCK TABLES;

--
-- Table structure for table `auth_user_user_permissions`
--

DROP TABLE IF EXISTS `auth_user_user_permissions`;
/*!40101 SET @saved_cs_client     = @@character_set_client */;
/*!50503 SET character_set_client = utf8mb4 */;
CREATE TABLE `auth_user_user_permissions` (
  `id` bigint NOT NULL AUTO_INCREMENT,
  `user_id` int NOT NULL,
  `permission_id` int NOT NULL,
  PRIMARY KEY (`id`),
  UNIQUE KEY `auth_user_user_permissions_user_id_permission_id_14a6b632_uniq` (`user_id`,`permission_id`),
  KEY `auth_user_user_permi_permission_id_1fbb5f2c_fk_auth_perm` (`permission_id`),
  CONSTRAINT `auth_user_user_permi_permission_id_1fbb5f2c_fk_auth_perm` FOREIGN KEY (`permission_id`) REFERENCES `auth_permission` (`id`),
  CONSTRAINT `auth_user_user_permissions_user_id_a95ead1b_fk_auth_user_id` FOREIGN KEY (`user_id`) REFERENCES `auth_user` (`id`)
) ENGINE=InnoDB DEFAULT CHARSET=utf8mb4 COLLATE=utf8mb4_0900_ai_ci;
/*!40101 SET character_set_client = @saved_cs_client */;

--
-- Dumping data for table `auth_user_user_permissions`
--

LOCK TABLES `auth_user_user_permissions` WRITE;
/*!40000 ALTER TABLE `auth_user_user_permissions` DISABLE KEYS */;
/*!40000 ALTER TABLE `auth_user_user_permissions` ENABLE KEYS */;
UNLOCK TABLES;

--
-- Table structure for table `django_admin_log`
--

DROP TABLE IF EXISTS `django_admin_log`;
/*!40101 SET @saved_cs_client     = @@character_set_client */;
/*!50503 SET character_set_client = utf8mb4 */;
CREATE TABLE `django_admin_log` (
  `id` int NOT NULL AUTO_INCREMENT,
  `action_time` datetime(6) NOT NULL,
  `object_id` longtext,
  `object_repr` varchar(200) NOT NULL,
  `action_flag` smallint unsigned NOT NULL,
  `change_message` longtext NOT NULL,
  `content_type_id` int DEFAULT NULL,
  `user_id` int NOT NULL,
  PRIMARY KEY (`id`),
  KEY `django_admin_log_content_type_id_c4bce8eb_fk_django_co` (`content_type_id`),
  KEY `django_admin_log_user_id_c564eba6_fk_auth_user_id` (`user_id`),
  CONSTRAINT `django_admin_log_content_type_id_c4bce8eb_fk_django_co` FOREIGN KEY (`content_type_id`) REFERENCES `django_content_type` (`id`),
  CONSTRAINT `django_admin_log_user_id_c564eba6_fk_auth_user_id` FOREIGN KEY (`user_id`) REFERENCES `auth_user` (`id`)
) ENGINE=InnoDB DEFAULT CHARSET=utf8mb4 COLLATE=utf8mb4_0900_ai_ci;
/*!40101 SET character_set_client = @saved_cs_client */;

--
-- Dumping data for table `django_admin_log`
--

LOCK TABLES `django_admin_log` WRITE;
/*!40000 ALTER TABLE `django_admin_log` DISABLE KEYS */;
/*!40000 ALTER TABLE `django_admin_log` ENABLE KEYS */;
UNLOCK TABLES;

--
-- Table structure for table `django_content_type`
--

DROP TABLE IF EXISTS `django_content_type`;
/*!40101 SET @saved_cs_client     = @@character_set_client */;
/*!50503 SET character_set_client = utf8mb4 */;
CREATE TABLE `django_content_type` (
  `id` int NOT NULL AUTO_INCREMENT,
  `app_label` varchar(100) NOT NULL,
  `model` varchar(100) NOT NULL,
  PRIMARY KEY (`id`),
  UNIQUE KEY `django_content_type_app_label_model_76bd3d3b_uniq` (`app_label`,`model`)
) ENGINE=InnoDB AUTO_INCREMENT=44 DEFAULT CHARSET=utf8mb4 COLLATE=utf8mb4_0900_ai_ci;
/*!40101 SET character_set_client = @saved_cs_client */;

--
-- Dumping data for table `django_content_type`
--

LOCK TABLES `django_content_type` WRITE;
/*!40000 ALTER TABLE `django_content_type` DISABLE KEYS */;
INSERT INTO `django_content_type` VALUES (1,'admin','logentry'),(3,'auth','group'),(2,'auth','permission'),(4,'auth','user'),(32,'conect','authgroup'),(33,'conect','authgrouppermissions'),(34,'conect','authpermission'),(35,'conect','authuser'),(36,'conect','authusergroups'),(37,'conect','authuseruserpermissions'),(38,'conect','djangoadminlog'),(39,'conect','djangocontenttype'),(40,'conect','djangomigrations'),(41,'conect','djangosession'),(42,'conect','file'),(30,'conect','patient'),(43,'conect','project'),(31,'conect','sample'),(5,'contenttypes','contenttype'),(18,'main','authgroup'),(19,'main','authgrouppermissions'),(20,'main','authpermission'),(21,'main','authuser'),(22,'main','authusergroups'),(23,'main','authuseruserpermissions'),(7,'main','cohort'),(14,'main','cohorthaspatient'),(8,'main','datafile'),(24,'main','djangoadminlog'),(25,'main','djangocontenttype'),(26,'main','djangomigrations'),(27,'main','djangosession'),(28,'main','file'),(9,'main','patient'),(10,'main','project'),(15,'main','projecthascohort'),(11,'main','sample'),(16,'main','samplehasdatafile'),(17,'main','samplehasworkflow'),(12,'main','sequencing'),(29,'main','uploadedfile'),(13,'main','workflow'),(6,'sessions','session');
/*!40000 ALTER TABLE `django_content_type` ENABLE KEYS */;
UNLOCK TABLES;

--
-- Table structure for table `django_migrations`
--

DROP TABLE IF EXISTS `django_migrations`;
/*!40101 SET @saved_cs_client     = @@character_set_client */;
/*!50503 SET character_set_client = utf8mb4 */;
CREATE TABLE `django_migrations` (
  `id` bigint NOT NULL AUTO_INCREMENT,
  `app` varchar(255) NOT NULL,
  `name` varchar(255) NOT NULL,
  `applied` datetime(6) NOT NULL,
  PRIMARY KEY (`id`)
) ENGINE=InnoDB AUTO_INCREMENT=23 DEFAULT CHARSET=utf8mb4 COLLATE=utf8mb4_0900_ai_ci;
/*!40101 SET character_set_client = @saved_cs_client */;

--
-- Dumping data for table `django_migrations`
--

LOCK TABLES `django_migrations` WRITE;
/*!40000 ALTER TABLE `django_migrations` DISABLE KEYS */;
INSERT INTO `django_migrations` VALUES (1,'contenttypes','0001_initial','2023-09-06 15:05:08.949236'),(2,'auth','0001_initial','2023-09-06 15:05:10.236893'),(3,'admin','0001_initial','2023-09-06 15:05:10.506095'),(4,'admin','0002_logentry_remove_auto_add','2023-09-06 15:05:10.520872'),(5,'admin','0003_logentry_add_action_flag_choices','2023-09-06 15:05:10.528708'),(6,'contenttypes','0002_remove_content_type_name','2023-09-06 15:05:10.685475'),(7,'auth','0002_alter_permission_name_max_length','2023-09-06 15:05:10.770811'),(8,'auth','0003_alter_user_email_max_length','2023-09-06 15:05:10.834361'),(9,'auth','0004_alter_user_username_opts','2023-09-06 15:05:10.847334'),(10,'auth','0005_alter_user_last_login_null','2023-09-06 15:05:10.911020'),(11,'auth','0006_require_contenttypes_0002','2023-09-06 15:05:10.914196'),(12,'auth','0007_alter_validators_add_error_messages','2023-09-06 15:05:10.924415'),(13,'auth','0008_alter_user_username_max_length','2023-09-06 15:05:11.068535'),(14,'auth','0009_alter_user_last_name_max_length','2023-09-06 15:05:11.148816'),(15,'auth','0010_alter_group_name_max_length','2023-09-06 15:05:11.222455'),(16,'auth','0011_update_proxy_permissions','2023-09-06 15:05:11.236435'),(17,'auth','0012_alter_user_first_name_max_length','2023-09-06 15:05:11.469280'),(18,'main','0001_initial','2023-09-06 15:05:11.484446'),(19,'sessions','0001_initial','2023-09-06 15:05:11.541902'),(20,'main','0002_remove_cohorthaspatient_cohort_cohort_and_more','2023-09-07 08:18:33.331850'),(21,'main','0003_initial','2023-09-07 08:22:04.894108'),(22,'main','0004_uploadedfile','2023-09-08 14:02:57.945877');
/*!40000 ALTER TABLE `django_migrations` ENABLE KEYS */;
UNLOCK TABLES;

--
-- Table structure for table `django_session`
--

DROP TABLE IF EXISTS `django_session`;
/*!40101 SET @saved_cs_client     = @@character_set_client */;
/*!50503 SET character_set_client = utf8mb4 */;
CREATE TABLE `django_session` (
  `session_key` varchar(40) NOT NULL,
  `session_data` longtext NOT NULL,
  `expire_date` datetime(6) NOT NULL,
  PRIMARY KEY (`session_key`),
  KEY `django_session_expire_date_a5c62663` (`expire_date`)
) ENGINE=InnoDB DEFAULT CHARSET=utf8mb4 COLLATE=utf8mb4_0900_ai_ci;
/*!40101 SET character_set_client = @saved_cs_client */;

--
-- Dumping data for table `django_session`
--

LOCK TABLES `django_session` WRITE;
/*!40000 ALTER TABLE `django_session` DISABLE KEYS */;
INSERT INTO `django_session` VALUES ('7yd42mldtktrmplue6k0opxhr34wot1z','.eJxVjEEOwiAQRe_C2hDGQgGX7j0DmYFBqgaS0q6Md7dNutDtf-_9twi4LiWsnecwJXERIE6_G2F8ct1BemC9NxlbXeaJ5K7Ig3Z5a4lf18P9OyjYy1YPZOMI4DX7TBkjaGec0WxHZYASDpwdYEbPViltrCJvrQOPZ8Vqa8TnC-DTN64:1qfbzz:VNgnqrjxjVxkQAbEookt34F4sMPibhyuFiVn56zaa8I','2023-09-25 08:10:23.245471'),('8pvsanh7q6fibf8qe0c079vbfm1cpkkd','.eJxVjEEOwiAQRe_C2hDGQgGX7j0DmYFBqgaS0q6Md7dNutDtf-_9twi4LiWsnecwJXERIE6_G2F8ct1BemC9NxlbXeaJ5K7Ig3Z5a4lf18P9OyjYy1YPZOMI4DX7TBkjaGec0WxHZYASDpwdYEbPViltrCJvrQOPZ8Vqa8TnC-DTN64:1qeAHc:la7inJ5X5Mp19OXVG6Lk_Z_EgsrIEOmOPlIQRNESx48','2023-09-21 08:22:36.676763'),('l0pzw531ra95ne5vc0n8yejxsl5eiini','.eJxVjEEOwiAQRe_C2hDGQgGX7j0DmYFBqgaS0q6Md7dNutDtf-_9twi4LiWsnecwJXERIE6_G2F8ct1BemC9NxlbXeaJ5K7Ig3Z5a4lf18P9OyjYy1YPZOMI4DX7TBkjaGec0WxHZYASDpwdYEbPViltrCJvrQOPZ8Vqa8TnC-DTN64:1qduBX:vFIv3TEeylSZwmii_puWru9r-aPmQWFNlzzDb2yIwIA','2023-09-20 15:11:15.891280');
/*!40000 ALTER TABLE `django_session` ENABLE KEYS */;
UNLOCK TABLES;

--
-- Table structure for table `files`
--

DROP TABLE IF EXISTS `files`;
/*!40101 SET @saved_cs_client     = @@character_set_client */;
/*!50503 SET character_set_client = utf8mb4 */;
CREATE TABLE `files` (
  `File_iD` int NOT NULL,
  `File_Name` varchar(45) NOT NULL,
  `Psilo_Path` varchar(150) NOT NULL,
  `Conect_Path` varchar(150) NOT NULL,
  `File_Size_Gb` float NOT NULL,
  `MD5` varchar(40) NOT NULL,
  `Sample_id` varchar(40) NOT NULL,
  `Url` varchar(200) NOT NULL,
  PRIMARY KEY (`File_iD`),
  KEY `Sample_id` (`Sample_id`),
  CONSTRAINT `Sample_id` FOREIGN KEY (`Sample_id`) REFERENCES `samples` (`Sample_ID`) ON DELETE CASCADE ON UPDATE CASCADE
) ENGINE=InnoDB DEFAULT CHARSET=utf8mb3;
/*!40101 SET character_set_client = @saved_cs_client */;

--
-- Dumping data for table `files`
--

LOCK TABLES `files` WRITE;
/*!40000 ALTER TABLE `files` DISABLE KEYS */;
INSERT INTO `files` VALUES (1,'01002_DG_MO_RNA_1.fq.gz','/mnt/data/nextcloud-data/CONECT-AML/files/RNAseq_fastq_files/01002_DG_MO_RNA_1.fq.gz','/mnt/data/CONECT-bgi/RNA-Seq/F20FTSEUHT1348_HUMlrdE/CleanData/01002_DG_MO_RNA/01002_DG_MO_RNA_1.fq.gz',4.9,'69a333590350700ed0ee08ee4eb1ea37','01002_DG_MO_RNA','http://www.xRO-79fa1G.iunLdWCJ.com'),(2,'01002_DG_MO_RNA_2.fq.gz','/mnt/data/nextcloud-data/CONECT-AML/files/RNAseq_fastq_files/01002_DG_MO_RNA_2.fq.gz','/mnt/data/CONECT-bgi/RNA-Seq/F20FTSEUHT1348_HUMlrdE/CleanData/01002_DG_MO_RNA/01002_DG_MO_RNA_2.fq.gz',5.2,'178f609b907956299f002d282495a28d','01002_DG_MO_RNA','http://www.T4bSb1hCBP.L4DXYU.com'),(3,'01021_DG_MO_RNA_1.fq.gz','/mnt/data/nextcloud-data/CONECT-AML/files/RNAseq_fastq_files/01021_DG_MO_RNA_1.fq.gz','/mnt/data/CONECT-bgi/RNA-Seq/F20FTSEUHT1348_HUMlrdE/CleanData/01021_DG_MO_RNA/01021_DG_MO_RNA_1.fq.gz',5.1,'d3dbce481b416303698f9bac2840a9c7','01021_DG_MO_RNA','http://www.1WjYc8OEz5.U9KhlBPnz.com'),(4,'01021_DG_MO_RNA_2.fq.gz','/mnt/data/nextcloud-data/CONECT-AML/files/RNAseq_fastq_files/01021_DG_MO_RNA_2.fq.gz','/mnt/data/CONECT-bgi/RNA-Seq/F20FTSEUHT1348_HUMlrdE/CleanData/01021_DG_MO_RNA/01021_DG_MO_RNA_2.fq.gz',5.4,'b39c920572d2fb814a0e2984e0dff09a','01021_DG_MO_RNA','http://www.582J50U.xVl9tuGcG.com'),(5,'01031_DG_SG_RNA_1.fq.gz','/mnt/data/nextcloud-data/CONECT-AML/files/RNAseq_fastq_files/01031_DG_SG_RNA_1.fq.gz','/mnt/data/CONECT-bgi/RNA-Seq/F20FTSEUHT1348_HUMlrdE/CleanData/01031_DG_SG_RNA/01031_DG_SG_RNA_1.fq.gz',5.2,'570cd922ca14b50dfc11a343c8dfdc52','01031_DG_SG_RNA','http://www.TOpAn03.WN2wB1.com'),(6,'01031_DG_SG_RNA_2.fq.gz','/mnt/data/nextcloud-data/CONECT-AML/files/RNAseq_fastq_files/01031_DG_SG_RNA_2.fq.gz','/mnt/data/CONECT-bgi/RNA-Seq/F20FTSEUHT1348_HUMlrdE/CleanData/01031_DG_SG_RNA/01031_DG_SG_RNA_2.fq.gz',5.5,'fa8568b5c8122c80c9a0d13fbf63939c','01031_DG_SG_RNA','http://www.zFHDNgFwI-.y2C_z.com'),(7,'01040_DG_MO_RNA_1.fq.gz','/mnt/data/nextcloud-data/CONECT-AML/files/RNAseq_fastq_files/01040_DG_MO_RNA_1.fq.gz','/mnt/data/CONECT-bgi/RNA-Seq/F20FTSEUHT1348_HUMlrdE/CleanData/01040_DG_MO_RNA/01040_DG_MO_RNA_1.fq.gz',5.2,'7d0b594b36a53875b5042e01c3041946','01040_DG_MO_RNA','http://www.SrngYnRZoV.-Ya0w6Z.com'),(8,'01040_DG_MO_RNA_2.fq.gz','/mnt/data/nextcloud-data/CONECT-AML/files/RNAseq_fastq_files/01040_DG_MO_RNA_2.fq.gz','/mnt/data/CONECT-bgi/RNA-Seq/F20FTSEUHT1348_HUMlrdE/CleanData/01040_DG_MO_RNA/01040_DG_MO_RNA_2.fq.gz',5.6,'2770ca62ef8a0b1be14237da09387d57','01040_DG_MO_RNA','http://www.mJJMQU.HJtyCjoT5.com'),(9,'01044_DG_MO_RNA_1.fq.gz','/mnt/data/nextcloud-data/CONECT-AML/files/RNAseq_fastq_files/01044_DG_MO_RNA_1.fq.gz','/mnt/data/CONECT-bgi/RNA-Seq/F20FTSEUHT1348_HUMlrdE/CleanData/01044_DG_MO_RNA/01044_DG_MO_RNA_1.fq.gz',5.2,'dbf958ba246ac8589d867e141df510c4','01044_DG_MO_RNA','http://www.O-vCKFZdz2.iPmhg9.com'),(10,'01044_DG_MO_RNA_2.fq.gz','/mnt/data/nextcloud-data/CONECT-AML/files/RNAseq_fastq_files/01044_DG_MO_RNA_2.fq.gz','/mnt/data/CONECT-bgi/RNA-Seq/F20FTSEUHT1348_HUMlrdE/CleanData/01044_DG_MO_RNA/01044_DG_MO_RNA_2.fq.gz',5.4,'8115b84a23950df08566357d958be88e','01044_DG_MO_RNA','http://www.9MzgZbDLY.Wtj6GPY3.com'),(11,'05006_DG_MO_RNA_1.fq.gz','/mnt/data/nextcloud-data/CONECT-AML/files/RNAseq_fastq_files/05006_DG_MO_RNA_1.fq.gz','/mnt/data/CONECT-bgi/RNA-Seq/F20FTSEUHT1348_HUMlrdE/CleanData/05006_DG_MO_RNA/05006_DG_MO_RNA_1.fq.gz',5.2,'65834fa70c2f7cf13edd0d35b6aacdf8','05006_DG_MO_RNA','http://www.gDUb1q6.omZ2Q.com'),(12,'05006_DG_MO_RNA_2.fq.gz','/mnt/data/nextcloud-data/CONECT-AML/files/RNAseq_fastq_files/05006_DG_MO_RNA_2.fq.gz','/mnt/data/CONECT-bgi/RNA-Seq/F20FTSEUHT1348_HUMlrdE/CleanData/05006_DG_MO_RNA/05006_DG_MO_RNA_2.fq.gz',5.5,'6a7f5d305743ba27bc76161e39552295','05006_DG_MO_RNA','http://www.wwR2g.80OaKvku.com'),(13,'05007_DG_MO_RNA_1.fq.gz','/mnt/data/nextcloud-data/CONECT-AML/files/RNAseq_fastq_files/05007_DG_MO_RNA_1.fq.gz','/mnt/data/CONECT-bgi/RNA-Seq/F20FTSEUHT1348_HUMlrdE/CleanData/05007_DG_MO_RNA/05007_DG_MO_RNA_1.fq.gz',5.1,'8d65be5332b95ea5f3035dfcc1ca41c5','05007_DG_MO_RNA','http://www.MsmzGI5WB.wtvcUW0zc.com'),(14,'05007_DG_MO_RNA_2.fq.gz','/mnt/data/nextcloud-data/CONECT-AML/files/RNAseq_fastq_files/05007_DG_MO_RNA_2.fq.gz','/mnt/data/CONECT-bgi/RNA-Seq/F20FTSEUHT1348_HUMlrdE/CleanData/05007_DG_MO_RNA/05007_DG_MO_RNA_2.fq.gz',5.3,'4d3c5d5728ee95622b2157ab80417521','05007_DG_MO_RNA','http://www.hDXP7ENrQl.Jt97Tf4SW.com'),(15,'05009_DG_MO_RNA_1.fq.gz','/mnt/data/nextcloud-data/CONECT-AML/files/RNAseq_fastq_files/05009_DG_MO_RNA_1.fq.gz','/mnt/data/CONECT-bgi/RNA-Seq/F20FTSEUHT1348_HUMlrdE/CleanData/05009_DG_MO_RNA/05009_DG_MO_RNA_1.fq.gz',5,'d8f6c236e38ad0bfc6e462aaee69a381','05009_DG_MO_RNA','http://www.v-5WpHp.gnlic.com'),(16,'05009_DG_MO_RNA_2.fq.gz','/mnt/data/nextcloud-data/CONECT-AML/files/RNAseq_fastq_files/05009_DG_MO_RNA_2.fq.gz','/mnt/data/CONECT-bgi/RNA-Seq/F20FTSEUHT1348_HUMlrdE/CleanData/05009_DG_MO_RNA/05009_DG_MO_RNA_2.fq.gz',5.3,'110091acffdc9c1f4ee9dc37076ede38','05009_DG_MO_RNA','http://www.MmBGECCJse.uez-RD1.com'),(17,'05013_DG_SG_RNA_1.fq.gz','/mnt/data/nextcloud-data/CONECT-AML/files/RNAseq_fastq_files/05013_DG_SG_RNA_1.fq.gz','/mnt/data/CONECT-bgi/RNA-Seq/F20FTSEUHT1348_HUMlrdE/CleanData/05013_DG_SG_RNA/05013_DG_SG_RNA_1.fq.gz',4.9,'89107bb0b6a2e3b8fc0dfb0af646a062','05013_DG_SG_RNA','http://www.fRgmAtwgT_.0YPuvrq3.com'),(18,'05013_DG_SG_RNA_2.fq.gz','/mnt/data/nextcloud-data/CONECT-AML/files/RNAseq_fastq_files/05013_DG_SG_RNA_2.fq.gz','/mnt/data/CONECT-bgi/RNA-Seq/F20FTSEUHT1348_HUMlrdE/CleanData/05013_DG_SG_RNA/05013_DG_SG_RNA_2.fq.gz',5.4,'8c5f2619ef31336e8c84d749145d9b7b','05013_DG_SG_RNA','http://www.tRx57tgE.SVW2py.com'),(19,'05015_DG_MO_RNA_1.fq.gz','/mnt/data/nextcloud-data/CONECT-AML/files/RNAseq_fastq_files/05015_DG_MO_RNA_1.fq.gz','/mnt/data/CONECT-bgi/RNA-Seq/F20FTSEUHT1348_HUMlrdE/CleanData/05015_DG_MO_RNA/05015_DG_MO_RNA_1.fq.gz',4.9,'c998b9dd9b60f58cf8d47376d62f10e8','05015_DG_MO_RNA','http://www.QwM5i8h.gtHwKqi-.com'),(20,'05015_DG_MO_RNA_2.fq.gz','/mnt/data/nextcloud-data/CONECT-AML/files/RNAseq_fastq_files/05015_DG_MO_RNA_2.fq.gz','/mnt/data/CONECT-bgi/RNA-Seq/F20FTSEUHT1348_HUMlrdE/CleanData/05015_DG_MO_RNA/05015_DG_MO_RNA_2.fq.gz',5.4,'89f9a15732199b520dcb65ad35a70eb5','05015_DG_MO_RNA','http://www.o56Zl.ldLb_RD.com'),(21,'10002_DG_MO_RNA_1.fq.gz','/mnt/data/nextcloud-data/CONECT-AML/files/RNAseq_fastq_files/10002_DG_MO_RNA_1.fq.gz','/mnt/data/CONECT-bgi/RNA-Seq/F20FTSEUHT1348_HUMlrdE/CleanData/10002_DG_MO_RNA/10002_DG_MO_RNA_1.fq.gz',5.3,'ca14950a23a3752c74251bdc18acf24f','10002_DG_MO_RNA','http://www.htCthcT4J.U4L3DT9x.com'),(22,'10002_DG_MO_RNA_2.fq.gz','/mnt/data/nextcloud-data/CONECT-AML/files/RNAseq_fastq_files/10002_DG_MO_RNA_2.fq.gz','/mnt/data/CONECT-bgi/RNA-Seq/F20FTSEUHT1348_HUMlrdE/CleanData/10002_DG_MO_RNA/10002_DG_MO_RNA_2.fq.gz',5.6,'1fe39f5a2a9b79793790e34c07b9e9f1','10002_DG_MO_RNA','http://www.YKNEo3xvS.Hqn9CnBMu.com'),(23,'11036_DG_MO_RNA_1.fq.gz','/mnt/data/nextcloud-data/CONECT-AML/files/RNAseq_fastq_files/11036_DG_MO_RNA_1.fq.gz','/mnt/data/CONECT-bgi/RNA-Seq/F20FTSEUHT1348_HUMlrdE/CleanData/11036_DG_MO_RNA/11036_DG_MO_RNA_1.fq.gz',4.9,'fa61b224ec3d9ad798a250260253f015','11036_DG_MO_RNA','http://www.FWlvive.UOKTy5Uxa.com'),(24,'11036_DG_MO_RNA_2.fq.gz','/mnt/data/nextcloud-data/CONECT-AML/files/RNAseq_fastq_files/11036_DG_MO_RNA_2.fq.gz','/mnt/data/CONECT-bgi/RNA-Seq/F20FTSEUHT1348_HUMlrdE/CleanData/11036_DG_MO_RNA/11036_DG_MO_RNA_2.fq.gz',5.3,'1a1c4ad22cf6b29fa3c47ced0e877fcf','11036_DG_MO_RNA','http://www.qlNLBcp.LT7ICK.com'),(25,'13009_DG_MO_RNA_1.fq.gz','/mnt/data/nextcloud-data/CONECT-AML/files/RNAseq_fastq_files/13009_DG_MO_RNA_1.fq.gz','/mnt/data/CONECT-bgi/RNA-Seq/F20FTSEUHT1348_HUMlrdE/CleanData/13009_DG_MO_RNA/13009_DG_MO_RNA_1.fq.gz',5.1,'410198857c90b5ad6f48a9ebc419c6c2','13009_DG_MO_RNA','http://www.M2f3xg0.-FsYU5X-.com'),(26,'13009_DG_MO_RNA_2.fq.gz','/mnt/data/nextcloud-data/CONECT-AML/files/RNAseq_fastq_files/13009_DG_MO_RNA_2.fq.gz','/mnt/data/CONECT-bgi/RNA-Seq/F20FTSEUHT1348_HUMlrdE/CleanData/13009_DG_MO_RNA/13009_DG_MO_RNA_2.fq.gz',5.5,'d82f8ced03f3e6f0762837fe59eb5176','13009_DG_MO_RNA','http://www.clduVg-y.NnT6WV.com'),(27,'13011_DG_MO_RNA_1.fq.gz','/mnt/data/nextcloud-data/CONECT-AML/files/RNAseq_fastq_files/13011_DG_MO_RNA_1.fq.gz','/mnt/data/CONECT-bgi/RNA-Seq/F20FTSEUHT1348_HUMlrdE/CleanData/13011_DG_MO_RNA/13011_DG_MO_RNA_1.fq.gz',5.2,'9f537a03c7096b2ae55bf7dd4f83afda','13011_DG_MO_RNA','http://www.jPG0uPWBY.8hdayVukw.com'),(28,'13011_DG_MO_RNA_2.fq.gz','/mnt/data/nextcloud-data/CONECT-AML/files/RNAseq_fastq_files/13011_DG_MO_RNA_2.fq.gz','/mnt/data/CONECT-bgi/RNA-Seq/F20FTSEUHT1348_HUMlrdE/CleanData/13011_DG_MO_RNA/13011_DG_MO_RNA_2.fq.gz',5.4,'d5e93a27fe7e5958902b72a0444960f6','13011_DG_MO_RNA','http://www.b1Zf78.gUUArySs.com'),(29,'13020_DG_MO_RNA_1.fq.gz','/mnt/data/nextcloud-data/CONECT-AML/files/RNAseq_fastq_files/13020_DG_MO_RNA_1.fq.gz','/mnt/data/CONECT-bgi/RNA-Seq/F20FTSEUHT1348_HUMlrdE/CleanData/13020_DG_MO_RNA/13020_DG_MO_RNA_1.fq.gz',5,'9e8a6e68f6ca60b4afa12bca963fe326','13020_DG_MO_RNA','http://www.llWk59F.cpeKd.com'),(30,'13020_DG_MO_RNA_2.fq.gz','/mnt/data/nextcloud-data/CONECT-AML/files/RNAseq_fastq_files/13020_DG_MO_RNA_2.fq.gz','/mnt/data/CONECT-bgi/RNA-Seq/F20FTSEUHT1348_HUMlrdE/CleanData/13020_DG_MO_RNA/13020_DG_MO_RNA_2.fq.gz',5.5,'64bda658f2e9dd57af7d5bcc95592fe0','13020_DG_MO_RNA','http://www.JRbHMoy3a.KZnUuf.com'),(31,'13023_DG_MO_RNA_1.fq.gz','/mnt/data/nextcloud-data/CONECT-AML/files/RNAseq_fastq_files/13023_DG_MO_RNA_1.fq.gz','/mnt/data/CONECT-bgi/RNA-Seq/F20FTSEUHT1348_HUMlrdE/CleanData/13023_DG_MO_RNA/13023_DG_MO_RNA_1.fq.gz',5.2,'7bf1efc975c6391081317609071689cd','13023_DG_MO_RNA','http://www.PV6pz8Yb.rlpscgfWWH.com'),(32,'13023_DG_MO_RNA_2.fq.gz','/mnt/data/nextcloud-data/CONECT-AML/files/RNAseq_fastq_files/13023_DG_MO_RNA_2.fq.gz','/mnt/data/CONECT-bgi/RNA-Seq/F20FTSEUHT1348_HUMlrdE/CleanData/13023_DG_MO_RNA/13023_DG_MO_RNA_2.fq.gz',5.6,'c64a040286e2b8ad42145b266658fb03','13023_DG_MO_RNA','http://www.7wDGbtm0.HKPhZ9.com'),(33,'13026_DG_MO_RNA_1.fq.gz','/mnt/data/nextcloud-data/CONECT-AML/files/RNAseq_fastq_files/13026_DG_MO_RNA_1.fq.gz','/mnt/data/CONECT-bgi/RNA-Seq/F20FTSEUHT1348_HUMlrdE/CleanData/13026_DG_MO_RNA/13026_DG_MO_RNA_1.fq.gz',5.2,'1e0a70f7082769e99b1a62ff1e381825','13026_DG_MO_RNA','http://www.bniTmCL5.cIBCXJw.com'),(34,'13026_DG_MO_RNA_2.fq.gz','/mnt/data/nextcloud-data/CONECT-AML/files/RNAseq_fastq_files/13026_DG_MO_RNA_2.fq.gz','/mnt/data/CONECT-bgi/RNA-Seq/F20FTSEUHT1348_HUMlrdE/CleanData/13026_DG_MO_RNA/13026_DG_MO_RNA_2.fq.gz',5.4,'ce3e79da1e1942a4ae4ad5808de9af4c','13026_DG_MO_RNA','http://www.K5xX3GFc.n4JpZ9.com'),(35,'13029_DG_MO_RNA_1.fq.gz','/mnt/data/nextcloud-data/CONECT-AML/files/RNAseq_fastq_files/13029_DG_MO_RNA_1.fq.gz','/mnt/data/CONECT-bgi/RNA-Seq/F20FTSEUHT1348_HUMlrdE/CleanData/13029_DG_MO_RNA/13029_DG_MO_RNA_1.fq.gz',5.1,'82a46ab3538f73de5982a05c4e46c8e5','13029_DG_MO_RNA','http://www.09Yp1porO.CjL3yc.com'),(36,'13029_DG_MO_RNA_2.fq.gz','/mnt/data/nextcloud-data/CONECT-AML/files/RNAseq_fastq_files/13029_DG_MO_RNA_2.fq.gz','/mnt/data/CONECT-bgi/RNA-Seq/F20FTSEUHT1348_HUMlrdE/CleanData/13029_DG_MO_RNA/13029_DG_MO_RNA_2.fq.gz',5.4,'a0fb758932c9a02e030a4d0c5fe16022','13029_DG_MO_RNA','http://www.n9Plo1.rnIQoY.com'),(37,'16008_DG_SG_RNA_1.fq.gz','/mnt/data/nextcloud-data/CONECT-AML/files/RNAseq_fastq_files/16008_DG_SG_RNA_1.fq.gz','/mnt/data/CONECT-bgi/RNA-Seq/F20FTSEUHT1348_HUMlrdE/CleanData/16008_DG_SG_RNA/16008_DG_SG_RNA_1.fq.gz',5.2,'1b3f8c2201be377a0a6ad7512e2c8219','16008_DG_SG_RNA','http://www.dmm4W.z9YksBoH.com'),(38,'16008_DG_SG_RNA_2.fq.gz','/mnt/data/nextcloud-data/CONECT-AML/files/RNAseq_fastq_files/16008_DG_SG_RNA_2.fq.gz','/mnt/data/CONECT-bgi/RNA-Seq/F20FTSEUHT1348_HUMlrdE/CleanData/16008_DG_SG_RNA/16008_DG_SG_RNA_2.fq.gz',5.5,'ba43fee75261a3c8605bab40fed060a2','16008_DG_SG_RNA','http://www.9yEaS4P.4YCUzhaBN.com'),(39,'16013_DG_MO_RNA_1.fq.gz','/mnt/data/nextcloud-data/CONECT-AML/files/RNAseq_fastq_files/16013_DG_MO_RNA_1.fq.gz','/mnt/data/CONECT-bgi/RNA-Seq/F20FTSEUHT1348_HUMlrdE/CleanData/16013_DG_MO_RNA/16013_DG_MO_RNA_1.fq.gz',5.1,'f4f8c08011bc5035bd558f49bd908de8','16013_DG_MO_RNA','http://www.v_JQ3qZ8Iv.B7ltx.com'),(40,'16013_DG_MO_RNA_2.fq.gz','/mnt/data/nextcloud-data/CONECT-AML/files/RNAseq_fastq_files/16013_DG_MO_RNA_2.fq.gz','/mnt/data/CONECT-bgi/RNA-Seq/F20FTSEUHT1348_HUMlrdE/CleanData/16013_DG_MO_RNA/16013_DG_MO_RNA_2.fq.gz',5.4,'6a48c42653a68e9c1e2bc5823a87ed7a','16013_DG_MO_RNA','http://www.zgh44d.Nm_NnV.com'),(41,'17006_DG_MO_RNA_1.fq.gz','/mnt/data/nextcloud-data/CONECT-AML/files/RNAseq_fastq_files/17006_DG_MO_RNA_1.fq.gz','/mnt/data/CONECT-bgi/RNA-Seq/F20FTSEUHT1348_HUMlrdE/CleanData/17006_DG_MO_RNA/17006_DG_MO_RNA_1.fq.gz',5.1,'e49273a7920dcdd69a4df6216f4471a0','17006_DG_MO_RNA','http://www.94p05-YvS.6Wp_DQrjWm.com'),(42,'17006_DG_MO_RNA_2.fq.gz','/mnt/data/nextcloud-data/CONECT-AML/files/RNAseq_fastq_files/17006_DG_MO_RNA_2.fq.gz','/mnt/data/CONECT-bgi/RNA-Seq/F20FTSEUHT1348_HUMlrdE/CleanData/17006_DG_MO_RNA/17006_DG_MO_RNA_2.fq.gz',5.4,'0b10bf06f04b1ed559843e77e6a102d8','17006_DG_MO_RNA','http://www._y4siTd.gpVwg5le.com'),(43,'20011_DG_MO_RNA_1.fq.gz','/mnt/data/nextcloud-data/CONECT-AML/files/RNAseq_fastq_files/20011_DG_MO_RNA_1.fq.gz','/mnt/data/CONECT-bgi/RNA-Seq/F20FTSEUHT1348_HUMlrdE/CleanData/20011_DG_MO_RNA/20011_DG_MO_RNA_1.fq.gz',5.2,'bb7225a4dbe7fe948c5f53c94e66e884','20011_DG_MO_RNA','http://www.SpFAq.k-wlcU.com'),(44,'20011_DG_MO_RNA_2.fq.gz','/mnt/data/nextcloud-data/CONECT-AML/files/RNAseq_fastq_files/20011_DG_MO_RNA_2.fq.gz','/mnt/data/CONECT-bgi/RNA-Seq/F20FTSEUHT1348_HUMlrdE/CleanData/20011_DG_MO_RNA/20011_DG_MO_RNA_2.fq.gz',5.5,'7cc62af3d7925a00dcc10bde92785f48','20011_DG_MO_RNA','http://www.Z1_KCBz.E1BWf9GZeZ.com'),(45,'20017_DG_SG_RNA_1.fq.gz','/mnt/data/nextcloud-data/CONECT-AML/files/RNAseq_fastq_files/20017_DG_SG_RNA_1.fq.gz','/mnt/data/CONECT-bgi/RNA-Seq/F20FTSEUHT1348_HUMlrdE/CleanData/20017_DG_SG_RNA/20017_DG_SG_RNA_1.fq.gz',5.2,'60c576374ff44012793951b84819864f','20017_DG_SG_RNA','http://www.sRAxiO.2As_Z7O84J.com'),(46,'20017_DG_SG_RNA_2.fq.gz','/mnt/data/nextcloud-data/CONECT-AML/files/RNAseq_fastq_files/20017_DG_SG_RNA_2.fq.gz','/mnt/data/CONECT-bgi/RNA-Seq/F20FTSEUHT1348_HUMlrdE/CleanData/20017_DG_SG_RNA/20017_DG_SG_RNA_2.fq.gz',5.7,'5decb0c6d2045c691b749dc8a79ff38f','20017_DG_SG_RNA','http://www.c9EuVV.sY3rg.com'),(47,'20018_DG_SG_RNA_1.fq.gz','/mnt/data/nextcloud-data/CONECT-AML/files/RNAseq_fastq_files/20018_DG_SG_RNA_1.fq.gz','/mnt/data/CONECT-bgi/RNA-Seq/F20FTSEUHT1348_HUMlrdE/CleanData/20018_DG_SG_RNA/20018_DG_SG_RNA_1.fq.gz',5.2,'13acce06829ff20b316d688b4a80bc78','20018_DG_SG_RNA','http://www.Kb_S37_.1ZXzc.com'),(48,'20018_DG_SG_RNA_2.fq.gz','/mnt/data/nextcloud-data/CONECT-AML/files/RNAseq_fastq_files/20018_DG_SG_RNA_2.fq.gz','/mnt/data/CONECT-bgi/RNA-Seq/F20FTSEUHT1348_HUMlrdE/CleanData/20018_DG_SG_RNA/20018_DG_SG_RNA_2.fq.gz',5.6,'e30e40d6248b8207adf50b055cee5340','20018_DG_SG_RNA','http://www.Cisb35.lr20kJ.com'),(49,'20030_DG_MO_RNA_1.fq.gz','/mnt/data/nextcloud-data/CONECT-AML/files/RNAseq_fastq_files/20030_DG_MO_RNA_1.fq.gz','/mnt/data/CONECT-bgi/RNA-Seq/F20FTSEUHT1348_HUMlrdE/CleanData/20030_DG_MO_RNA/20030_DG_MO_RNA_1.fq.gz',5.1,'957807035ee2005ab279de5ac55fb299','20030_DG_MO_RNA','http://www.irQqz-y.A9D8XI.com'),(50,'20030_DG_MO_RNA_2.fq.gz','/mnt/data/nextcloud-data/CONECT-AML/files/RNAseq_fastq_files/20030_DG_MO_RNA_2.fq.gz','/mnt/data/CONECT-bgi/RNA-Seq/F20FTSEUHT1348_HUMlrdE/CleanData/20030_DG_MO_RNA/20030_DG_MO_RNA_2.fq.gz',5.3,'e84cbb21479c2569e27138620a2b6dac','20030_DG_MO_RNA','http://www.ltPHJj4.hNcDhe.com'),(51,'21006_DG_SG_RNA_1.fq.gz','/mnt/data/nextcloud-data/CONECT-AML/files/RNAseq_fastq_files/21006_DG_SG_RNA_1.fq.gz','/mnt/data/CONECT-bgi/RNA-Seq/F20FTSEUHT1348_HUMlrdE/CleanData/21006_DG_SG_RNA/21006_DG_SG_RNA_1.fq.gz',5,'3557c51a1061ebed2ac37196232042ea','21006_DG_SG_RNA','http://www.K9a6IWE.9MRM6.com'),(52,'21006_DG_SG_RNA_2.fq.gz','/mnt/data/nextcloud-data/CONECT-AML/files/RNAseq_fastq_files/21006_DG_SG_RNA_2.fq.gz','/mnt/data/CONECT-bgi/RNA-Seq/F20FTSEUHT1348_HUMlrdE/CleanData/21006_DG_SG_RNA/21006_DG_SG_RNA_2.fq.gz',5.5,'042ad8f218909779cf52ad80354aaa1e','21006_DG_SG_RNA','http://www.GGZxrQx0w6.z9DD7.com'),(53,'22006_DG_MO_RNA_1.fq.gz','/mnt/data/nextcloud-data/CONECT-AML/files/RNAseq_fastq_files/22006_DG_MO_RNA_1.fq.gz','/mnt/data/CONECT-bgi/RNA-Seq/F20FTSEUHT1348_HUMlrdE/CleanData/22006_DG_MO_RNA/22006_DG_MO_RNA_1.fq.gz',5.4,'14aaf6d52aa5552506d72dfc1f484c2b','22006_DG_MO_RNA','http://www.kXB0L.J6L998aNzL.com'),(54,'22006_DG_MO_RNA_2.fq.gz','/mnt/data/nextcloud-data/CONECT-AML/files/RNAseq_fastq_files/22006_DG_MO_RNA_2.fq.gz','/mnt/data/CONECT-bgi/RNA-Seq/F20FTSEUHT1348_HUMlrdE/CleanData/22006_DG_MO_RNA/22006_DG_MO_RNA_2.fq.gz',5.6,'3ad3696884e0cec653e4b35264a5253e','22006_DG_MO_RNA','http://www.bHLuQb3qi4.hKDpD.com'),(55,'22007_DG_MO_RNA_1.fq.gz','/mnt/data/nextcloud-data/CONECT-AML/files/RNAseq_fastq_files/22007_DG_MO_RNA_1.fq.gz','/mnt/data/CONECT-bgi/RNA-Seq/F20FTSEUHT1348_HUMlrdE/CleanData/22007_DG_MO_RNA/22007_DG_MO_RNA_1.fq.gz',5.3,'5703a71ddcff9b770100f3c5f237117b','22007_DG_MO_RNA','http://www.WLnziNo.NR8Rf48884.com'),(56,'22007_DG_MO_RNA_2.fq.gz','/mnt/data/nextcloud-data/CONECT-AML/files/RNAseq_fastq_files/22007_DG_MO_RNA_2.fq.gz','/mnt/data/CONECT-bgi/RNA-Seq/F20FTSEUHT1348_HUMlrdE/CleanData/22007_DG_MO_RNA/22007_DG_MO_RNA_2.fq.gz',5.5,'fa7645ade7d2eec07fc0fc1d8397091c','22007_DG_MO_RNA','http://www.pgTxz35.nlYD_HGOKq.com'),(57,'26007_DG_MO_RNA_1.fq.gz','/mnt/data/nextcloud-data/CONECT-AML/files/RNAseq_fastq_files/26007_DG_MO_RNA_1.fq.gz','/mnt/data/CONECT-bgi/RNA-Seq/F20FTSEUHT1348_HUMlrdE/CleanData/26007_DG_MO_RNA/26007_DG_MO_RNA_1.fq.gz',5.2,'ddc4ee8dec914f1bd3ec939516578c93','26007_DG_MO_RNA','http://www.zrAMdl.4YQ__OP.com'),(58,'26007_DG_MO_RNA_2.fq.gz','/mnt/data/nextcloud-data/CONECT-AML/files/RNAseq_fastq_files/26007_DG_MO_RNA_2.fq.gz','/mnt/data/CONECT-bgi/RNA-Seq/F20FTSEUHT1348_HUMlrdE/CleanData/26007_DG_MO_RNA/26007_DG_MO_RNA_2.fq.gz',5.6,'22403719af23c894a2144e91eeacb423','26007_DG_MO_RNA','http://www.BnHKGy.daWkdYLP.com'),(59,'29007_DG_MO_RNA_1.fq.gz','/mnt/data/nextcloud-data/CONECT-AML/files/RNAseq_fastq_files/29007_DG_MO_RNA_1.fq.gz','/mnt/data/CONECT-bgi/RNA-Seq/F20FTSEUHT1348_HUMlrdE/CleanData/29007_DG_MO_RNA/29007_DG_MO_RNA_1.fq.gz',5.1,'b11d320699f21bf851f69cc38ce401e7','29007_DG_MO_RNA','http://www.bCyM-.ahegkCw.com'),(60,'29007_DG_MO_RNA_2.fq.gz','/mnt/data/nextcloud-data/CONECT-AML/files/RNAseq_fastq_files/29007_DG_MO_RNA_2.fq.gz','/mnt/data/CONECT-bgi/RNA-Seq/F20FTSEUHT1348_HUMlrdE/CleanData/29007_DG_MO_RNA/29007_DG_MO_RNA_2.fq.gz',5.4,'aa01d9c6e4f225b873789a26e3829277','29007_DG_MO_RNA','http://www.4agFruIfI3.pzJ4q74.com'),(61,'29010_DG_MO_RNA_1.fq.gz','/mnt/data/nextcloud-data/CONECT-AML/files/RNAseq_fastq_files/29010_DG_MO_RNA_1.fq.gz','/mnt/data/CONECT-bgi/RNA-Seq/F20FTSEUHT1348_HUMlrdE/CleanData/29010_DG_MO_RNA/29010_DG_MO_RNA_1.fq.gz',5.1,'5cda213053f792ed8a35c131604744a5','29010_DG_MO_RNA','http://www.HMa05.1Xd9rz.com'),(62,'29010_DG_MO_RNA_2.fq.gz','/mnt/data/nextcloud-data/CONECT-AML/files/RNAseq_fastq_files/29010_DG_MO_RNA_2.fq.gz','/mnt/data/CONECT-bgi/RNA-Seq/F20FTSEUHT1348_HUMlrdE/CleanData/29010_DG_MO_RNA/29010_DG_MO_RNA_2.fq.gz',5.4,'6581c3ed2069f97c6a51df72ae75f867','29010_DG_MO_RNA','http://www.US3GqWp9y.Mqnug.com'),(63,'29012_DG_SG_RNA_1.fq.gz','/mnt/data/nextcloud-data/CONECT-AML/files/RNAseq_fastq_files/29012_DG_SG_RNA_1.fq.gz','/mnt/data/CONECT-bgi/RNA-Seq/F20FTSEUHT1348_HUMlrdE/CleanData/29012_DG_SG_RNA/29012_DG_SG_RNA_1.fq.gz',5.1,'a0c2520667835057600316fdb139e199','29012_DG_SG_RNA','http://www.4X1y8.GvoptP.com'),(64,'29012_DG_SG_RNA_2.fq.gz','/mnt/data/nextcloud-data/CONECT-AML/files/RNAseq_fastq_files/29012_DG_SG_RNA_2.fq.gz','/mnt/data/CONECT-bgi/RNA-Seq/F20FTSEUHT1348_HUMlrdE/CleanData/29012_DG_SG_RNA/29012_DG_SG_RNA_2.fq.gz',5.4,'4d27be055c83b8c7948cf12f5c0af93a','29012_DG_SG_RNA','http://www.GwkvoOQ.lUhLv.com'),(65,'AOULE_DG_MO_RNA_1.fq.gz','/mnt/data/nextcloud-data/CONECT-AML/files/RNAseq_fastq_files/AOULE_DG_MO_RNA_1.fq.gz','/mnt/data/CONECT-bgi/RNA-Seq/F20FTSEUHT1348_HUMlrdE/CleanData/AOULE_DG_MO_RNA/AOULE_DG_MO_RNA_1.fq.gz',5.1,'2f486048436fea843d8ff4b14431987a','AOULE_DG_MO_RNA','http://www.NMMW-.Xk2A9v8A0.com'),(66,'AOULE_DG_MO_RNA_2.fq.gz','/mnt/data/nextcloud-data/CONECT-AML/files/RNAseq_fastq_files/AOULE_DG_MO_RNA_2.fq.gz','/mnt/data/CONECT-bgi/RNA-Seq/F20FTSEUHT1348_HUMlrdE/CleanData/AOULE_DG_MO_RNA/AOULE_DG_MO_RNA_2.fq.gz',5.5,'082e42da3bb4f01adb59c4d3eebb9533','AOULE_DG_MO_RNA','http://www.xD2RChDq9.FrzrlL.com'),(67,'BAHAM_DG_MO_RNA_1.fq.gz','/mnt/data/nextcloud-data/CONECT-AML/files/RNAseq_fastq_files/BAHAM_DG_MO_RNA_1.fq.gz','/mnt/data/CONECT-bgi/RNA-Seq/F20FTSEUHT1348_HUMlrdE/CleanData/BAHAM_DG_MO_RNA/BAHAM_DG_MO_RNA_1.fq.gz',5,'fe026f040e40b14a25c374a7f831b177','BAHAM_DG_MO_RNA','http://www.67HWs.FcCKN3f.com'),(68,'BAHAM_DG_MO_RNA_2.fq.gz','/mnt/data/nextcloud-data/CONECT-AML/files/RNAseq_fastq_files/BAHAM_DG_MO_RNA_2.fq.gz','/mnt/data/CONECT-bgi/RNA-Seq/F20FTSEUHT1348_HUMlrdE/CleanData/BAHAM_DG_MO_RNA/BAHAM_DG_MO_RNA_2.fq.gz',5.3,'ed03ad4dfc6a5bf4895507407b8f8378','BAHAM_DG_MO_RNA','http://www.o7ul1dy.kY3Jgw3.com'),(69,'BOURI_DG_MO_RNA_1.fq.gz','/mnt/data/nextcloud-data/CONECT-AML/files/RNAseq_fastq_files/BOURI_DG_MO_RNA_1.fq.gz','/mnt/data/CONECT-bgi/RNA-Seq/F20FTSEUHT1348_HUMlrdE/CleanData/BOURI_DG_MO_RNA/BOURI_DG_MO_RNA_1.fq.gz',5.2,'69f0f28bbc88785421a2b78225c79d82','BOURI_DG_MO_RNA','http://www.D9Xz2sfKR.eh4rQce3X.com'),(70,'BOURI_DG_MO_RNA_2.fq.gz','/mnt/data/nextcloud-data/CONECT-AML/files/RNAseq_fastq_files/BOURI_DG_MO_RNA_2.fq.gz','/mnt/data/CONECT-bgi/RNA-Seq/F20FTSEUHT1348_HUMlrdE/CleanData/BOURI_DG_MO_RNA/BOURI_DG_MO_RNA_2.fq.gz',5.6,'99c5b5aa4c6cd5e5aa7acee3d63d5828','BOURI_DG_MO_RNA','http://www.JN9cRbkc.nmtBcs.com'),(71,'BRECA_DG_MO_RNA_1.fq.gz','/mnt/data/nextcloud-data/CONECT-AML/files/RNAseq_fastq_files/BRECA_DG_MO_RNA_1.fq.gz','/mnt/data/CONECT-bgi/RNA-Seq/F20FTSEUHT1348_HUMlrdE/CleanData/BRECA_DG_MO_RNA/BRECA_DG_MO_RNA_1.fq.gz',5.3,'a064f89aed552a9517f069568ddf0517','BRECA_DG_MO_RNA','http://www.0oeZ868.s4bQbbO7IR.com'),(72,'BRECA_DG_MO_RNA_2.fq.gz','/mnt/data/nextcloud-data/CONECT-AML/files/RNAseq_fastq_files/BRECA_DG_MO_RNA_2.fq.gz','/mnt/data/CONECT-bgi/RNA-Seq/F20FTSEUHT1348_HUMlrdE/CleanData/BRECA_DG_MO_RNA/BRECA_DG_MO_RNA_2.fq.gz',5.6,'b4637bc0910c4fe1be1991233f8ac92f','BRECA_DG_MO_RNA','http://www.oZ8TQHvhRc.RDi4lcA9.com'),(73,'C1_NORM_VIRMO_RNA_1.fq.gz','/mnt/data/nextcloud-data/CONECT-AML/files/RNAseq_fastq_files/C1_NORM_VIRMO_RNA_1.fq.gz','/mnt/data/CONECT-bgi/RNA-Seq/F20FTSEUHT1348_HUMlrdE/CleanData/C1_NORM_VIRMO_RNA/C1_NORM_VIRMO_RNA_1.fq.gz',5.2,'fa8a23d9753fcc3524796c62e6e603ca','C1_NORM_VIRMO_RNA','http://www.QGViIef.2vo7kOEn2G.com'),(74,'C1_NORM_VIRMO_RNA_2.fq.gz','/mnt/data/nextcloud-data/CONECT-AML/files/RNAseq_fastq_files/C1_NORM_VIRMO_RNA_2.fq.gz','/mnt/data/CONECT-bgi/RNA-Seq/F20FTSEUHT1348_HUMlrdE/CleanData/C1_NORM_VIRMO_RNA/C1_NORM_VIRMO_RNA_2.fq.gz',5.6,'8eb32e3c5e1a4cad07569c02c3158285','C1_NORM_VIRMO_RNA','http://www.U5qbLn9.rxDzvvLTUO.com'),(75,'C2_NORM_VIRMO_RNA_1.fq.gz','/mnt/data/nextcloud-data/CONECT-AML/files/RNAseq_fastq_files/C2_NORM_VIRMO_RNA_1.fq.gz','/mnt/data/CONECT-bgi/RNA-Seq/F20FTSEUHT1348_HUMlrdE/CleanData/C2_NORM_VIRMO_RNA/C2_NORM_VIRMO_RNA_1.fq.gz',5.1,'6bcc4b3035518f39a6b28400d052349d','C2_NORM_VIRMO_RNA','http://www.PwYYXj_zu.4QglK4c.com'),(76,'C2_NORM_VIRMO_RNA_2.fq.gz','/mnt/data/nextcloud-data/CONECT-AML/files/RNAseq_fastq_files/C2_NORM_VIRMO_RNA_2.fq.gz','/mnt/data/CONECT-bgi/RNA-Seq/F20FTSEUHT1348_HUMlrdE/CleanData/C2_NORM_VIRMO_RNA/C2_NORM_VIRMO_RNA_2.fq.gz',5.5,'1979ae8fa7daea9be3681bc49e545036','C2_NORM_VIRMO_RNA','http://www.oPZyVwa_.mfW6LF-PY.com'),(77,'C3_NORM_VIRMO_RNA_1.fq.gz','/mnt/data/nextcloud-data/CONECT-AML/files/RNAseq_fastq_files/C3_NORM_VIRMO_RNA_1.fq.gz','/mnt/data/CONECT-bgi/RNA-Seq/F20FTSEUHT1348_HUMlrdE/CleanData/C3_NORM_VIRMO_RNA/C3_NORM_VIRMO_RNA_1.fq.gz',5.2,'2dfa2a2a2cf6bcc34adf12c3df31ee19','C3_NORM_VIRMO_RNA','http://www.7Lh9n2RDCe._Q367HO.com'),(78,'C3_NORM_VIRMO_RNA_2.fq.gz','/mnt/data/nextcloud-data/CONECT-AML/files/RNAseq_fastq_files/C3_NORM_VIRMO_RNA_2.fq.gz','/mnt/data/CONECT-bgi/RNA-Seq/F20FTSEUHT1348_HUMlrdE/CleanData/C3_NORM_VIRMO_RNA/C3_NORM_VIRMO_RNA_2.fq.gz',5.6,'4f87a5ac0778abdde3e5f8818f3945e4','C3_NORM_VIRMO_RNA','http://www.ExEEtB-n.eSpp90a.com'),(79,'C4_NORM_VIRMO_RNA_1.fq.gz','/mnt/data/nextcloud-data/CONECT-AML/files/RNAseq_fastq_files/C4_NORM_VIRMO_RNA_1.fq.gz','/mnt/data/CONECT-bgi/RNA-Seq/F20FTSEUHT1348_HUMlrdE/CleanData/C4_NORM_VIRMO_RNA/C4_NORM_VIRMO_RNA_1.fq.gz',5.1,'1a3b8e4862b7efdf87cc97e77d47d1fc','C4_NORM_VIRMO_RNA','http://www.3C7Dt.qecze.com'),(80,'C4_NORM_VIRMO_RNA_2.fq.gz','/mnt/data/nextcloud-data/CONECT-AML/files/RNAseq_fastq_files/C4_NORM_VIRMO_RNA_2.fq.gz','/mnt/data/CONECT-bgi/RNA-Seq/F20FTSEUHT1348_HUMlrdE/CleanData/C4_NORM_VIRMO_RNA/C4_NORM_VIRMO_RNA_2.fq.gz',5.6,'30923b6a2f1a01e1c61a620a7c742a26','C4_NORM_VIRMO_RNA','http://www.2TyJ5Kkg.tkluoF2QrG.com'),(81,'CHERA_DG_MO_RNA_1.fq.gz','/mnt/data/nextcloud-data/CONECT-AML/files/RNAseq_fastq_files/CHERA_DG_MO_RNA_1.fq.gz','/mnt/data/CONECT-bgi/RNA-Seq/F20FTSEUHT1348_HUMlrdE/CleanData/CHERA_DG_MO_RNA/CHERA_DG_MO_RNA_1.fq.gz',5.1,'7c037524892014f88f5e09de1806d38c','CHERA_DG_MO_RNA','http://www.G9FpaY.QFPLuO3pO.com'),(82,'CHERA_DG_MO_RNA_2.fq.gz','/mnt/data/nextcloud-data/CONECT-AML/files/RNAseq_fastq_files/CHERA_DG_MO_RNA_2.fq.gz','/mnt/data/CONECT-bgi/RNA-Seq/F20FTSEUHT1348_HUMlrdE/CleanData/CHERA_DG_MO_RNA/CHERA_DG_MO_RNA_2.fq.gz',5.4,'edf64ce76646f4eac8bdaf7c6bd8d424','CHERA_DG_MO_RNA','http://www.kwexk7M.I7piJ984C.com'),(83,'CONDI_DG_MO_RNA_1.fq.gz','/mnt/data/nextcloud-data/CONECT-AML/files/RNAseq_fastq_files/CONDI_DG_MO_RNA_1.fq.gz','/mnt/data/CONECT-bgi/RNA-Seq/F20FTSEUHT1348_HUMlrdE/CleanData/CONDI_DG_MO_RNA/CONDI_DG_MO_RNA_1.fq.gz',5.1,'2ec774760e6eef35a36924c04041d8bc','CONDI_DG_MO_RNA','http://www.uXV8N4K.JmBqRRwE.com'),(84,'CONDI_DG_MO_RNA_2.fq.gz','/mnt/data/nextcloud-data/CONECT-AML/files/RNAseq_fastq_files/CONDI_DG_MO_RNA_2.fq.gz','/mnt/data/CONECT-bgi/RNA-Seq/F20FTSEUHT1348_HUMlrdE/CleanData/CONDI_DG_MO_RNA/CONDI_DG_MO_RNA_2.fq.gz',5.5,'c424f89d8666ae849807df203394d1ab','CONDI_DG_MO_RNA','http://www.t_TaY7w.eebuJWvp2c.com'),(85,'CRALE_DG_MO_RNA_1.fq.gz','/mnt/data/nextcloud-data/CONECT-AML/files/RNAseq_fastq_files/CRALE_DG_MO_RNA_1.fq.gz','/mnt/data/CONECT-bgi/RNA-Seq/F20FTSEUHT1348_HUMlrdE/CleanData/CRALE_DG_MO_RNA/CRALE_DG_MO_RNA_1.fq.gz',5.2,'ce28cf45b229b8d7acd95e86f0fc61e4','CRALE_DG_MO_RNA','http://www.SvuPAU.69v3NIAVer.com'),(86,'CRALE_DG_MO_RNA_2.fq.gz','/mnt/data/nextcloud-data/CONECT-AML/files/RNAseq_fastq_files/CRALE_DG_MO_RNA_2.fq.gz','/mnt/data/CONECT-bgi/RNA-Seq/F20FTSEUHT1348_HUMlrdE/CleanData/CRALE_DG_MO_RNA/CRALE_DG_MO_RNA_2.fq.gz',5.7,'a3ff402e2103ec2f2b2da79afa0ba33b','CRALE_DG_MO_RNA','http://www.rmiW0.JW50E_RJj.com'),(87,'DESRO_DG_MO_RNA_1.fq.gz','/mnt/data/nextcloud-data/CONECT-AML/files/RNAseq_fastq_files/DESRO_DG_MO_RNA_1.fq.gz','/mnt/data/CONECT-bgi/RNA-Seq/F20FTSEUHT1348_HUMlrdE/CleanData/DESRO_DG_MO_RNA/DESRO_DG_MO_RNA_1.fq.gz',5,'2eeaf87444bf99ad56c785b2f046b5fe','DESRO_DG_MO_RNA','http://www.b2C902O.SJuH-hNh.com'),(88,'DESRO_DG_MO_RNA_2.fq.gz','/mnt/data/nextcloud-data/CONECT-AML/files/RNAseq_fastq_files/DESRO_DG_MO_RNA_2.fq.gz','/mnt/data/CONECT-bgi/RNA-Seq/F20FTSEUHT1348_HUMlrdE/CleanData/DESRO_DG_MO_RNA/DESRO_DG_MO_RNA_2.fq.gz',5.4,'100ebd3612b5c295df792918c798f54e','DESRO_DG_MO_RNA','http://www.N2jg7DrD5.slSr_.com'),(89,'GARTH_DG_MO_RNA_1.fq.gz','/mnt/data/nextcloud-data/CONECT-AML/files/RNAseq_fastq_files/GARTH_DG_MO_RNA_1.fq.gz','/mnt/data/CONECT-bgi/RNA-Seq/F20FTSEUHT1348_HUMlrdE/CleanData/GARTH_DG_MO_RNA/GARTH_DG_MO_RNA_1.fq.gz',4.8,'c8800ee5a13cb04fd7765fb26a9af96a','GARTH_DG_MO_RNA','http://www.uUiclIh.6o2zkpn1nj.com'),(90,'GARTH_DG_MO_RNA_2.fq.gz','/mnt/data/nextcloud-data/CONECT-AML/files/RNAseq_fastq_files/GARTH_DG_MO_RNA_2.fq.gz','/mnt/data/CONECT-bgi/RNA-Seq/F20FTSEUHT1348_HUMlrdE/CleanData/GARTH_DG_MO_RNA/GARTH_DG_MO_RNA_2.fq.gz',5,'deda9fad7db3bf2bf2da4d5d24684197','GARTH_DG_MO_RNA','http://www.OSRclmwE.drVS6.com'),(91,'GHERA_DG_MO_RNA_1.fq.gz','/mnt/data/nextcloud-data/CONECT-AML/files/RNAseq_fastq_files/GHERA_DG_MO_RNA_1.fq.gz','/mnt/data/CONECT-bgi/RNA-Seq/F20FTSEUHT1348_HUMlrdE/CleanData/GHERA_DG_MO_RNA/GHERA_DG_MO_RNA_1.fq.gz',4.8,'0d608d14b2bfd1d73287dd8b45d0dc69','GHERA_DG_MO_RNA','http://www.C8nvm.ZAO8nbIZ.com'),(92,'GHERA_DG_MO_RNA_2.fq.gz','/mnt/data/nextcloud-data/CONECT-AML/files/RNAseq_fastq_files/GHERA_DG_MO_RNA_2.fq.gz','/mnt/data/CONECT-bgi/RNA-Seq/F20FTSEUHT1348_HUMlrdE/CleanData/GHERA_DG_MO_RNA/GHERA_DG_MO_RNA_2.fq.gz',5.2,'6e0ab96442dfcea10b3f8a5f036d5350','GHERA_DG_MO_RNA','http://www.zSMV6ZE71.otAK0j9q.com'),(93,'HAIIL_DG_MO_RNA_1.fq.gz','/mnt/data/nextcloud-data/CONECT-AML/files/RNAseq_fastq_files/HAIIL_DG_MO_RNA_1.fq.gz','/mnt/data/CONECT-bgi/RNA-Seq/F20FTSEUHT1348_HUMlrdE/CleanData/HAIIL_DG_MO_RNA/HAIIL_DG_MO_RNA_1.fq.gz',5,'25ff4b4a4a757a065d120d608822720d','HAIIL_DG_MO_RNA','http://www.30r8CItxVZ.ixDGAfA.com'),(94,'HAIIL_DG_MO_RNA_2.fq.gz','/mnt/data/nextcloud-data/CONECT-AML/files/RNAseq_fastq_files/HAIIL_DG_MO_RNA_2.fq.gz','/mnt/data/CONECT-bgi/RNA-Seq/F20FTSEUHT1348_HUMlrdE/CleanData/HAIIL_DG_MO_RNA/HAIIL_DG_MO_RNA_2.fq.gz',5.4,'b1dd02034e8ae128b5863e75a837e360','HAIIL_DG_MO_RNA','http://www.dXx6YH4kZ.OSF5b.com'),(95,'HASCH_DG_MO_RNA_1.fq.gz','/mnt/data/nextcloud-data/CONECT-AML/files/RNAseq_fastq_files/HASCH_DG_MO_RNA_1.fq.gz','/mnt/data/CONECT-bgi/RNA-Seq/F20FTSEUHT1348_HUMlrdE/CleanData/HASCH_DG_MO_RNA/HASCH_DG_MO_RNA_1.fq.gz',5.1,'f622acda9a488022d42cc29b7088715e','HASCH_DG_MO_RNA','http://www.g7IRwr.nXxr_5bui3.com'),(96,'HASCH_DG_MO_RNA_2.fq.gz','/mnt/data/nextcloud-data/CONECT-AML/files/RNAseq_fastq_files/HASCH_DG_MO_RNA_2.fq.gz','/mnt/data/CONECT-bgi/RNA-Seq/F20FTSEUHT1348_HUMlrdE/CleanData/HASCH_DG_MO_RNA/HASCH_DG_MO_RNA_2.fq.gz',5.4,'a32789ddd955a2769febbc2f53968620','HASCH_DG_MO_RNA','http://www.OnQ1vJYE.Nbhdz6U.com'),(97,'JIDMA_DG_MO_RNA_1.fq.gz','/mnt/data/nextcloud-data/CONECT-AML/files/RNAseq_fastq_files/JIDMA_DG_MO_RNA_1.fq.gz','/mnt/data/CONECT-bgi/RNA-Seq/F20FTSEUHT1348_HUMlrdE/CleanData/JIDMA_DG_MO_RNA/JIDMA_DG_MO_RNA_1.fq.gz',5.1,'c8b9a804fb479ee32390ddc0d6491312','JIDMA_DG_MO_RNA','http://www.tZwPfZ.Y9OuRc8.com'),(98,'JIDMA_DG_MO_RNA_2.fq.gz','/mnt/data/nextcloud-data/CONECT-AML/files/RNAseq_fastq_files/JIDMA_DG_MO_RNA_2.fq.gz','/mnt/data/CONECT-bgi/RNA-Seq/F20FTSEUHT1348_HUMlrdE/CleanData/JIDMA_DG_MO_RNA/JIDMA_DG_MO_RNA_2.fq.gz',5.3,'710670490c022471d25f253583892b88','JIDMA_DG_MO_RNA','http://www.cKkilX.ZPdbL3.com'),(99,'LA0053_DG_MO_RNA_1.fq.gz','/mnt/data/nextcloud-data/CONECT-AML/files/RNAseq_fastq_files/LA0053_DG_MO_RNA_1.fq.gz','/mnt/data/CONECT-bgi/RNA-Seq/F20FTSEUHT1348_HUMlrdE/CleanData/LA0053_DG_MO_RNA/LA0053_DG_MO_RNA_1.fq.gz',5.1,'58afa3fdfef08837707a55621555e105','LA0053_DG_MO_RNA','http://www.fo4Pcp6yJ.2hrO1CA.com'),(100,'LA0053_DG_MO_RNA_2.fq.gz','/mnt/data/nextcloud-data/CONECT-AML/files/RNAseq_fastq_files/LA0053_DG_MO_RNA_2.fq.gz','/mnt/data/CONECT-bgi/RNA-Seq/F20FTSEUHT1348_HUMlrdE/CleanData/LA0053_DG_MO_RNA/LA0053_DG_MO_RNA_2.fq.gz',5.4,'1190f099ecc1f4c97ab401ea4f2957a7','LA0053_DG_MO_RNA','http://www.qkKGa1-8Hw.GGU0Je.com'),(101,'LELMA_DG_MO_RNA_1.fq.gz','/mnt/data/nextcloud-data/CONECT-AML/files/RNAseq_fastq_files/LELMA_DG_MO_RNA_1.fq.gz','/mnt/data/CONECT-bgi/RNA-Seq/F20FTSEUHT1348_HUMlrdE/CleanData/LELMA_DG_MO_RNA/LELMA_DG_MO_RNA_1.fq.gz',5.1,'080f0fde4fad39bf62f065e631766c0f','LELMA_DG_MO_RNA','http://www.AyfEGvCWJ.cxLuklVn.com'),(102,'LELMA_DG_MO_RNA_2.fq.gz','/mnt/data/nextcloud-data/CONECT-AML/files/RNAseq_fastq_files/LELMA_DG_MO_RNA_2.fq.gz','/mnt/data/CONECT-bgi/RNA-Seq/F20FTSEUHT1348_HUMlrdE/CleanData/LELMA_DG_MO_RNA/LELMA_DG_MO_RNA_2.fq.gz',5.5,'908f2635bc368f54a7352b5b8b7d0bd4','LELMA_DG_MO_RNA','http://www.dUiaQrXxL.CuP13tkx_K.com'),(103,'LEMAU_DG_MO_RNA_1.fq.gz','/mnt/data/nextcloud-data/CONECT-AML/files/RNAseq_fastq_files/LEMAU_DG_MO_RNA_1.fq.gz','/mnt/data/CONECT-bgi/RNA-Seq/F20FTSEUHT1348_HUMlrdE/CleanData/LEMAU_DG_MO_RNA/LEMAU_DG_MO_RNA_1.fq.gz',4.7,'e7fa1b9a087d2818b0a001a38a3ff794','LEMAU_DG_MO_RNA','http://www.4UIEEF8EBt.qozbSX3n.com'),(104,'LEMAU_DG_MO_RNA_2.fq.gz','/mnt/data/nextcloud-data/CONECT-AML/files/RNAseq_fastq_files/LEMAU_DG_MO_RNA_2.fq.gz','/mnt/data/CONECT-bgi/RNA-Seq/F20FTSEUHT1348_HUMlrdE/CleanData/LEMAU_DG_MO_RNA/LEMAU_DG_MO_RNA_2.fq.gz',4.9,'1ea4867b2700586371ef7c7ecb86a161','LEMAU_DG_MO_RNA','http://www.P7RVM.Pq7-fU-L.com'),(105,'MARAN_DG_MO_RNA_1.fq.gz','/mnt/data/nextcloud-data/CONECT-AML/files/RNAseq_fastq_files/MARAN_DG_MO_RNA_1.fq.gz','/mnt/data/CONECT-bgi/RNA-Seq/F20FTSEUHT1348_HUMlrdE/CleanData/MARAN_DG_MO_RNA/MARAN_DG_MO_RNA_1.fq.gz',5.4,'2d77132532554bacde73872d127657fa','MARAN_DG_MO_RNA','http://www.bW9kZnrv.dvuOt.com'),(106,'MARAN_DG_MO_RNA_2.fq.gz','/mnt/data/nextcloud-data/CONECT-AML/files/RNAseq_fastq_files/MARAN_DG_MO_RNA_2.fq.gz','/mnt/data/CONECT-bgi/RNA-Seq/F20FTSEUHT1348_HUMlrdE/CleanData/MARAN_DG_MO_RNA/MARAN_DG_MO_RNA_2.fq.gz',5.7,'5a8e4a41187ba867ef24b5e16c707a17','MARAN_DG_MO_RNA','http://www.DGSDhG-5Ba.8A_nG.com'),(107,'RAGMA_DG_MO_RNA_1.fq.gz','/mnt/data/nextcloud-data/CONECT-AML/files/RNAseq_fastq_files/RAGMA_DG_MO_RNA_1.fq.gz','/mnt/data/CONECT-bgi/RNA-Seq/F20FTSEUHT1348_HUMlrdE/CleanData/RAGMA_DG_MO_RNA/RAGMA_DG_MO_RNA_1.fq.gz',5.2,'1069b5ae3d9e48b40b1ce57bbeabc347','RAGMA_DG_MO_RNA','http://www.ym5GlBJG6W.cRkCH6.com'),(108,'RAGMA_DG_MO_RNA_2.fq.gz','/mnt/data/nextcloud-data/CONECT-AML/files/RNAseq_fastq_files/RAGMA_DG_MO_RNA_2.fq.gz','/mnt/data/CONECT-bgi/RNA-Seq/F20FTSEUHT1348_HUMlrdE/CleanData/RAGMA_DG_MO_RNA/RAGMA_DG_MO_RNA_2.fq.gz',5.7,'fd53c4345b5c0a8d2fe11a62aca729e4','RAGMA_DG_MO_RNA','http://www.P2aqZAbk4.Xy1SG.com'),(109,'RAVES_DG_MO_RNA_1.fq.gz','/mnt/data/nextcloud-data/CONECT-AML/files/RNAseq_fastq_files/RAVES_DG_MO_RNA_1.fq.gz','/mnt/data/CONECT-bgi/RNA-Seq/F20FTSEUHT1348_HUMlrdE/CleanData/RAVES_DG_MO_RNA/RAVES_DG_MO_RNA_1.fq.gz',5.1,'28fc42fd3ce54408cbdc1aaab25e09e0','RAVES_DG_MO_RNA','http://www.ix9lOi3W.0gVSCGD.com'),(110,'RAVES_DG_MO_RNA_2.fq.gz','/mnt/data/nextcloud-data/CONECT-AML/files/RNAseq_fastq_files/RAVES_DG_MO_RNA_2.fq.gz','/mnt/data/CONECT-bgi/RNA-Seq/F20FTSEUHT1348_HUMlrdE/CleanData/RAVES_DG_MO_RNA/RAVES_DG_MO_RNA_2.fq.gz',5.4,'0bb823f3e2b203d50b2aa466a7d2aa33','RAVES_DG_MO_RNA','http://www.4S2VZjvP.HwONcP1z.com'),(111,'SUDAR_DG_MO_RNA_1.fq.gz','/mnt/data/nextcloud-data/CONECT-AML/files/RNAseq_fastq_files/SUDAR_DG_MO_RNA_1.fq.gz','/mnt/data/CONECT-bgi/RNA-Seq/F20FTSEUHT1348_HUMlrdE/CleanData/SUDAR_DG_MO_RNA/SUDAR_DG_MO_RNA_1.fq.gz',4.8,'4ddaccad584cf3109d712e852764455d','SUDAR_DG_MO_RNA','http://www.bHQCk.HXmeeC.com'),(112,'SUDAR_DG_MO_RNA_2.fq.gz','/mnt/data/nextcloud-data/CONECT-AML/files/RNAseq_fastq_files/SUDAR_DG_MO_RNA_2.fq.gz','/mnt/data/CONECT-bgi/RNA-Seq/F20FTSEUHT1348_HUMlrdE/CleanData/SUDAR_DG_MO_RNA/SUDAR_DG_MO_RNA_2.fq.gz',5.1,'9c0ccd2894dd66b8408805e14671161f','SUDAR_DG_MO_RNA','http://www.Rfax4tFAA.Y_wF2D2bV.com'),(113,'TEMCL_DG_MO_RNA_1.fq.gz','/mnt/data/nextcloud-data/CONECT-AML/files/RNAseq_fastq_files/TEMCL_DG_MO_RNA_1.fq.gz','/mnt/data/CONECT-bgi/RNA-Seq/F20FTSEUHT1348_HUMlrdE/CleanData/TEMCL_DG_MO_RNA/TEMCL_DG_MO_RNA_1.fq.gz',5,'fe7abd9b45004b12b769178d6bed9d37','TEMCL_DG_MO_RNA','http://www.i4_ufdFT.HFLxWF.com'),(114,'TEMCL_DG_MO_RNA_2.fq.gz','/mnt/data/nextcloud-data/CONECT-AML/files/RNAseq_fastq_files/TEMCL_DG_MO_RNA_2.fq.gz','/mnt/data/CONECT-bgi/RNA-Seq/F20FTSEUHT1348_HUMlrdE/CleanData/TEMCL_DG_MO_RNA/TEMCL_DG_MO_RNA_2.fq.gz',5.3,'d0454b7e88fc1c2818925a4e27aaa86e','TEMCL_DG_MO_RNA','http://www.KMUYv0UTP.iBfJJvswoa.com'),(115,'TNO0098_DG_MO_RNA_1.fq.gz','/mnt/data/nextcloud-data/CONECT-AML/files/RNAseq_fastq_files/TNO0098_DG_MO_RNA_1.fq.gz','/mnt/data/CONECT-bgi/RNA-Seq/F20FTSEUHT1348_HUMlrdE/CleanData/TNO0098_DG_MO_RNA/TNO0098_DG_MO_RNA_1.fq.gz',5.1,'5be197fd0cefe9da0877e756df3f6ecb','TNO0098_DG_MO_RNA','http://www.-cw0I8sh5.adTwitDd.com'),(116,'TNO0098_DG_MO_RNA_2.fq.gz','/mnt/data/nextcloud-data/CONECT-AML/files/RNAseq_fastq_files/TNO0098_DG_MO_RNA_2.fq.gz','/mnt/data/CONECT-bgi/RNA-Seq/F20FTSEUHT1348_HUMlrdE/CleanData/TNO0098_DG_MO_RNA/TNO0098_DG_MO_RNA_2.fq.gz',5.3,'587fb269af539140e3efa5d180c13450','TNO0098_DG_MO_RNA','http://www.J8n5-fX.4K3xu97b.com'),(117,'TNO0119_DG_MO_RNA_1.fq.gz','/mnt/data/nextcloud-data/CONECT-AML/files/RNAseq_fastq_files/TNO0119_DG_MO_RNA_1.fq.gz','/mnt/data/CONECT-bgi/RNA-Seq/F20FTSEUHT1348_HUMlrdE/CleanData/TNO0119_DG_MO_RNA/TNO0119_DG_MO_RNA_1.fq.gz',5.1,'dad1961d1c690d45b98b4482c78f0fc0','TNO0119_DG_MO_RNA','http://www.0tIbY.slMtqusEEi.com'),(118,'TNO0119_DG_MO_RNA_2.fq.gz','/mnt/data/nextcloud-data/CONECT-AML/files/RNAseq_fastq_files/TNO0119_DG_MO_RNA_2.fq.gz','/mnt/data/CONECT-bgi/RNA-Seq/F20FTSEUHT1348_HUMlrdE/CleanData/TNO0119_DG_MO_RNA/TNO0119_DG_MO_RNA_2.fq.gz',5.4,'16572132ec424dea485f16b54fcf0c08','TNO0119_DG_MO_RNA','http://www.DOUo1.MTkp0XqyN.com'),(119,'TNO0128_DG_MO_RNA_1.fq.gz','/mnt/data/nextcloud-data/CONECT-AML/files/RNAseq_fastq_files/TNO0128_DG_MO_RNA_1.fq.gz','/mnt/data/CONECT-bgi/RNA-Seq/F20FTSEUHT1348_HUMlrdE/CleanData/TNO0128_DG_MO_RNA/TNO0128_DG_MO_RNA_1.fq.gz',5.1,'76c801c488e1dbd1b989cffdd6973573','TNO0128_DG_MO_RNA','http://www.SCkVe.iobERebz.com'),(120,'TNO0128_DG_MO_RNA_2.fq.gz','/mnt/data/nextcloud-data/CONECT-AML/files/RNAseq_fastq_files/TNO0128_DG_MO_RNA_2.fq.gz','/mnt/data/CONECT-bgi/RNA-Seq/F20FTSEUHT1348_HUMlrdE/CleanData/TNO0128_DG_MO_RNA/TNO0128_DG_MO_RNA_2.fq.gz',5.4,'257748f8fc4c243a24985523efab62b0','TNO0128_DG_MO_RNA','http://www.5KJoC.z5jjNk635.com'),(121,'TNO_0260_DG_MO_1.fq.gz','/mnt/data/nextcloud-data/CONECT-AML/files/RNAseq_fastq_files/TNO_0260_DG_MO_1.fq.gz','/mnt/data/CONECT-bgi/hg38/WX12DC08255L/F21FTSEUET0126_HUMutinR/clean/TNO_0260_DG_MO/TNO_0260_DG_MO_1.fq.gz',6.1,'76df7aee0c1c0f2accd26057482424bd','TNO_0260_DG_MO_RNA','http://www.RWgslG.e_z3e_KhxC.com'),(122,'TNO_0260_DG_MO_2.fq.gz','/mnt/data/nextcloud-data/CONECT-AML/files/RNAseq_fastq_files/TNO_0260_DG_MO_2.fq.gz','/mnt/data/CONECT-bgi/hg38/WX12DC08255L/F21FTSEUET0126_HUMutinR/clean/TNO_0260_DG_MO/TNO_0260_DG_MO_2.fq.gz',6.5,'e89a9f2da2db74610585bee9cc96307f','TNO_0260_DG_MO_RNA','http://www.dy485J5oS.6G5sHHtB.com'),(123,'TNO_0314_DG_MO_1.fq.gz','/mnt/data/nextcloud-data/CONECT-AML/files/RNAseq_fastq_files/TNO_0314_DG_MO_1.fq.gz','/mnt/data/CONECT-bgi/hg38/WX12DC08255L/F21FTSEUET0126_HUMutinR/clean/TNO_0314_DG_MO/TNO_0314_DG_MO_1.fq.gz',6.1,'16b6fe2a2f3b3b8d5f1ae4bdaeb0e07d','TNO_0314_DG_MO_RNA','http://www.gYb6ODrLE5.7McIe2tO2m.com'),(124,'TNO_0314_DG_MO_2.fq.gz','/mnt/data/nextcloud-data/CONECT-AML/files/RNAseq_fastq_files/TNO_0314_DG_MO_2.fq.gz','/mnt/data/CONECT-bgi/hg38/WX12DC08255L/F21FTSEUET0126_HUMutinR/clean/TNO_0314_DG_MO/TNO_0314_DG_MO_2.fq.gz',6.5,'64dd78d34a6249dd35b16ccce86b0254','TNO_0314_DG_MO_RNA','http://www.zzS_H7yxch.gw1rnqc7.com'),(125,'TNO_0376_DG_MO_1.fq.gz','/mnt/data/nextcloud-data/CONECT-AML/files/RNAseq_fastq_files/TNO_0376_DG_MO_1.fq.gz','/mnt/data/CONECT-bgi/hg38/WX12DC08255L/F21FTSEUET0126_HUMutinR/clean/TNO_0376_DG_MO/TNO_0376_DG_MO_1.fq.gz',6,'7a8262fcd969a6aa24f1517b77bffd5c','TNO_0376_DG_MO_RNA','http://www.i47KQC-1Kk.Dc70m_3B-7.com'),(126,'TNO_0376_DG_MO_2.fq.gz','/mnt/data/nextcloud-data/CONECT-AML/files/RNAseq_fastq_files/TNO_0376_DG_MO_2.fq.gz','/mnt/data/CONECT-bgi/hg38/WX12DC08255L/F21FTSEUET0126_HUMutinR/clean/TNO_0376_DG_MO/TNO_0376_DG_MO_2.fq.gz',6.5,'0f45b26342ab194c1a5ccda98dffbbb5','TNO_0376_DG_MO_RNA','http://www.cBGK8RlVv.8Na7Vp.com'),(127,'TNO_0391_DG_MO_1.fq.gz','/mnt/data/nextcloud-data/CONECT-AML/files/RNAseq_fastq_files/TNO_0391_DG_MO_1.fq.gz','/mnt/data/CONECT-bgi/hg38/WX12DC08255L/F21FTSEUET0126_HUMutinR/clean/TNO_0391_DG_MO/TNO_0391_DG_MO_1.fq.gz',6.1,'b0052e4ea9d61257c687118f467673b5','TNO_0391_DG_MO_RNA','http://www.qZQu_N0eaN.INLTn0DB3c.com'),(128,'TNO_0391_DG_MO_2.fq.gz','/mnt/data/nextcloud-data/CONECT-AML/files/RNAseq_fastq_files/TNO_0391_DG_MO_2.fq.gz','/mnt/data/CONECT-bgi/hg38/WX12DC08255L/F21FTSEUET0126_HUMutinR/clean/TNO_0391_DG_MO/TNO_0391_DG_MO_2.fq.gz',6.5,'22cd65a568dd17550981a75ddd1adf0b','TNO_0391_DG_MO_RNA','http://www.8qLurN6g.TRgY0n.com'),(129,'TNO_0480_DG_MO_1.fq.gz','/mnt/data/nextcloud-data/CONECT-AML/files/RNAseq_fastq_files/TNO_0480_DG_MO_1.fq.gz','/mnt/data/CONECT-bgi/hg38/WX12DC08255L/F21FTSEUET0126_HUMutinR/clean/TNO_0480_DG_MO/TNO_0480_DG_MO_1.fq.gz',6.1,'2c9abe617290c6b01149187ff1d4834f','TNO_0480_DG_MO_RNA','http://www.x8FY11.Y93tYP.com'),(130,'TNO_0480_DG_MO_2.fq.gz','/mnt/data/nextcloud-data/CONECT-AML/files/RNAseq_fastq_files/TNO_0480_DG_MO_2.fq.gz','/mnt/data/CONECT-bgi/hg38/WX12DC08255L/F21FTSEUET0126_HUMutinR/clean/TNO_0480_DG_MO/TNO_0480_DG_MO_2.fq.gz',6.4,'440995d33a1e1ec6ef7f4cd0749538c6','TNO_0480_DG_MO_RNA','http://www.nOLkc.z9PAaCNxt.com'),(131,'TNO_0569_DG_MO_1.fq.gz','/mnt/data/nextcloud-data/CONECT-AML/files/RNAseq_fastq_files/TNO_0569_DG_MO_1.fq.gz','/mnt/data/CONECT-bgi/hg38/WX12DC08255L/F21FTSEUET0126_HUMutinR/clean/TNO_0569_DG_MO/TNO_0569_DG_MO_1.fq.gz',6.1,'6a32af95f5dc4c07cda1e1bbd1a95d98','TNO_0569_DG_MO_RNA','http://www.wnmsPBEqYc.t1xdYt5.com'),(132,'TNO_0569_DG_MO_2.fq.gz','/mnt/data/nextcloud-data/CONECT-AML/files/RNAseq_fastq_files/TNO_0569_DG_MO_2.fq.gz','/mnt/data/CONECT-bgi/hg38/WX12DC08255L/F21FTSEUET0126_HUMutinR/clean/TNO_0569_DG_MO/TNO_0569_DG_MO_2.fq.gz',6.5,'6e669e4b71f4d2f269b686aa9e940e27','TNO_0569_DG_MO_RNA','http://www.C2URQ.X55vNo-a.com'),(133,'TNO_0573_DG_MO_1.fq.gz','/mnt/data/nextcloud-data/CONECT-AML/files/RNAseq_fastq_files/TNO_0573_DG_MO_1.fq.gz','/mnt/data/CONECT-bgi/hg38/WX12DC08255L/F21FTSEUET0126_HUMutinR/clean/TNO_0573_DG_MO/TNO_0573_DG_MO_1.fq.gz',6.1,'99533af8a47e5ed1781a0abdd4a774a2','TNO_0573_DG_MO_RNA','http://www.t1zWU.tD_NKBjzd.com'),(134,'TNO_0573_DG_MO_2.fq.gz','/mnt/data/nextcloud-data/CONECT-AML/files/RNAseq_fastq_files/TNO_0573_DG_MO_2.fq.gz','/mnt/data/CONECT-bgi/hg38/WX12DC08255L/F21FTSEUET0126_HUMutinR/clean/TNO_0573_DG_MO/TNO_0573_DG_MO_2.fq.gz',6.5,'239ad1d8235925dc1cebc316f351013b','TNO_0573_DG_MO_RNA','http://www.yYaPYQfZ.AuUDBFc.com'),(135,'TNO_0597_DG_MO_1.fq.gz','/mnt/data/nextcloud-data/CONECT-AML/files/RNAseq_fastq_files/TNO_0597_DG_MO_1.fq.gz','/mnt/data/CONECT-bgi/hg38/WX12DC08255L/F21FTSEUET0126_HUMutinR/clean/TNO_0597_DG_MO/TNO_0597_DG_MO_1.fq.gz',6.1,'af3bdfe48199962168130c48e2d522ed','TNO_0597_DG_MO_RNA','http://www._XES2e31.fehLJS.com'),(136,'TNO_0597_DG_MO_2.fq.gz','/mnt/data/nextcloud-data/CONECT-AML/files/RNAseq_fastq_files/TNO_0597_DG_MO_2.fq.gz','/mnt/data/CONECT-bgi/hg38/WX12DC08255L/F21FTSEUET0126_HUMutinR/clean/TNO_0597_DG_MO/TNO_0597_DG_MO_2.fq.gz',6.5,'cb74a6fa8ce463567aa60c1464f323be','TNO_0597_DG_MO_RNA','http://www.VxwU_Ay.TsFRGEtC.com'),(137,'TNO_0609_DG_MO_1.fq.gz','/mnt/data/nextcloud-data/CONECT-AML/files/RNAseq_fastq_files/TNO_0609_DG_MO_1.fq.gz','/mnt/data/CONECT-bgi/hg38/WX12DC08255L/F21FTSEUET0126_HUMutinR/clean/TNO_0609_DG_MO/TNO_0609_DG_MO_1.fq.gz',6.1,'51d757a07264c2c2af0871060c9bcdb8','TNO_0609_DG_MO_RNA','http://www.I7T3x.HzQkNK.com'),(138,'TNO_0609_DG_MO_2.fq.gz','/mnt/data/nextcloud-data/CONECT-AML/files/RNAseq_fastq_files/TNO_0609_DG_MO_2.fq.gz','/mnt/data/CONECT-bgi/hg38/WX12DC08255L/F21FTSEUET0126_HUMutinR/clean/TNO_0609_DG_MO/TNO_0609_DG_MO_2.fq.gz',6.6,'e1399ab6657094645e150cba3b42e850','TNO_0609_DG_MO_RNA','http://www.DNYJY4dcm.mUOo-LhLN8.com'),(139,'01002_DG_MO.bam','/mnt/data/nextcloud-data/CONECT-AML/files/WGS_bam_files/01002_DG_MO.bam','/mnt/data/CONECT-bgi/hg38/WX61D4933132/F20FTSEUET0037_mapping_1/01002_DG_MO/result_alignment/01002_DG_MO.bam',224.8,'86d321450f28a9a189685abbb23637ff','01002_DG_MO','http://www.yu1vX5j8g.kx-Id2aLj.com'),(140,'01002_WT_MO.bam','/mnt/data/nextcloud-data/CONECT-AML/files/WGS_bam_files/01002_WT_MO.bam','/mnt/data/CONECT-bgi/hg38/WX61D4933132/F20FTSEUET0037_mapping_1/01002_WT_MO/result_alignment/01002_WT_MO.bam',92.4,'d56aa6e2ae991ac1813a7b03d1965fb8','01002_WT_MO','http://www.k3bOQ.1d-SS7Hf.com'),(141,'01004_DG_MO.bam','/mnt/data/nextcloud-data/CONECT-AML/files/WGS_bam_files/01004_DG_MO.bam','/mnt/data/CONECT-bgi/hg38/WX61D4933132/F20FTSEUET0037_mapping_1/01004_DG_MO/result_alignment/01004_DG_MO.bam',238.6,'a99c7c34a6cefb1f353ffd53ca011413','01004_DG_MO','http://www.V7DQflT.klIwbD8J.com'),(142,'01004_WT_MO_2.bam','/mnt/data/nextcloud-data/CONECT-AML/files/WGS_bam_files/01004_WT_MO_2.bam','/mnt/data/CONECT-bgi/hg38/WXF2E21CZ989/F21FTSEUET0124_HUMglbyR_18Jan2022_2/alignment/01004_WT_MO_2/01004_WT_MO_2.bam',107.4,'77dfd090f3a9ac542f2a680ddfbdccc5','01004_WT_MO_2','http://www.3TmZBz26u_.kQ48W.com'),(143,'01021_DG_MO.bam','/mnt/data/nextcloud-data/CONECT-AML/files/WGS_bam_files/01021_DG_MO.bam','/mnt/data/CONECT-bgi/hg38/WX61D4933132/F20FTSEUET0037_mapping_1/01021_DG_MO/result_alignment/01021_DG_MO.bam',227.5,'d54320dfa140c02e047ec2a8db797855','01021_DG_MO','http://www.9vt04m.oxUJY7rYB.com'),(144,'01021_WT_MO.bam','/mnt/data/nextcloud-data/CONECT-AML/files/WGS_bam_files/01021_WT_MO.bam','/mnt/data/CONECT-bgi/hg38/WX61D4933132/F20FTSEUET0037_mapping_1/01021_WT_MO/result_alignment/01021_WT_MO.bam',95.5,'437ae0095412990015652245a1b3565d','01021_WT_MO','http://www.DZqkYzLk.Ruq8oSN.com'),(145,'01031_DG_MO.bam','/mnt/data/nextcloud-data/CONECT-AML/files/WGS_bam_files/01031_DG_MO.bam','/mnt/data/CONECT-bgi/hg38/WX61D4933132/F20FTSEUET0037_mapping_1/01031_DG_MO/result_alignment/01031_DG_MO.bam',225.7,'c263f9d68c7d71ba685ee028742e8248','01031_DG_MO','http://www.fKUNVBWjE3.TLU0s6.com'),(146,'01031_WT_MO.bam','/mnt/data/nextcloud-data/CONECT-AML/files/WGS_bam_files/01031_WT_MO.bam','/mnt/data/CONECT-bgi/hg38/WX61D4933132/F20FTSEUET0037_mapping_1/01031_WT_MO/result_alignment/01031_WT_MO.bam',92.2,'244569c8516e54ea2a2c33ea44a72064','01031_WT_MO','http://www.c7NL2uVxp.PUXf9xtC.com'),(147,'01038_DG_MO.bam','/mnt/data/nextcloud-data/CONECT-AML/files/WGS_bam_files/01038_DG_MO.bam','/mnt/data/CONECT-bgi/hg38/WX61D4933132/F20FTSEUET0037_mapping_1/01038_DG_MO/result_alignment/01038_DG_MO.bam',236.1,'2edbcda0f910372410053837d260b951','01038_DG_MO','http://www.cOJym7gBvu.4VhxDHmLM.com'),(148,'01038_WT_MO.bam','/mnt/data/nextcloud-data/CONECT-AML/files/WGS_bam_files/01038_WT_MO.bam','/mnt/data/CONECT-bgi/hg38/WX61D4933132/F20FTSEUET0037_mapping_1/01038_WT_MO/result_alignment/01038_WT_MO.bam',92.5,'c9549b85daa19b0ab7b177851491fd98','01038_WT_MO','http://www.HeT7mxrv.vI-Smnckyy.com'),(149,'01040_DG_MO.bam','/mnt/data/nextcloud-data/CONECT-AML/files/WGS_bam_files/01040_DG_MO.bam','/mnt/data/CONECT-bgi/hg38/WX61D4933132/F20FTSEUET0037_mapping_1/01040_DG_MO/result_alignment/01040_DG_MO.bam',231.4,'0495f198336a6ba9fe82cc2dfe724776','01040_DG_MO','http://www.XSuq6NGt.cyC2261s.com'),(150,'01040_WT_MO.bam','/mnt/data/nextcloud-data/CONECT-AML/files/WGS_bam_files/01040_WT_MO.bam','/mnt/data/CONECT-bgi/hg38/WX61D4933132/F20FTSEUET0037_mapping_1/01040_WT_MO/result_alignment/01040_WT_MO.bam',91.4,'358c285861c7f10be3035e9ffad3eb75','01040_WT_MO','http://www.ME7BYpQ8xp.r4LK7D7pt.com'),(151,'01044_DG_MO.bam','/mnt/data/nextcloud-data/CONECT-AML/files/WGS_bam_files/01044_DG_MO.bam','/mnt/data/CONECT-bgi/hg38/WX61D4933132/F20FTSEUET0037_mapping_1/01044_DG_MO/result_alignment/01044_DG_MO.bam',218.3,'5b4d048e74cc31857070a2ffc03139cc','01044_DG_MO','http://www.2eWhpklcD.uKVsM.com'),(152,'01044_WT_MO.bam','/mnt/data/nextcloud-data/CONECT-AML/files/WGS_bam_files/01044_WT_MO.bam','/mnt/data/CONECT-bgi/hg38/WX61D4933132/F20FTSEUET0037_mapping_1/01044_WT_MO/result_alignment/01044_WT_MO.bam',95.3,'67bdd64f8c16d4b2b6a77a8d2b4f7005','01044_WT_MO','http://www.IBnoB.lAR7g0M.com'),(153,'01047_DG_MO.bam','/mnt/data/nextcloud-data/CONECT-AML/files/WGS_bam_files/01047_DG_MO.bam','/mnt/data/CONECT-bgi/hg38/WX61D4933132/F20FTSEUET0037_mapping_1/01047_DG_MO/result_alignment/01047_DG_MO.bam',237.1,'78ece94b36aa81f411fa346d9460bcbe','01047_DG_MO','http://www.LJ4zFWHxe.ZIJHB9.com'),(154,'01047_WT_SG.bam','/mnt/data/nextcloud-data/CONECT-AML/files/WGS_bam_files/01047_WT_SG.bam','/mnt/data/CONECT-bgi/hg38/WX61D4933132/F20FTSEUET0037_mapping_1/01047_WT_SG/result_alignment/01047_WT_SG.bam',94.7,'90962987f7f2ee21fd1d6df8dd39590f','01047_WT_SG','http://www.eBeh05UXi9.E8oDZaxMeT.com'),(155,'01053_DG_MO.bam','/mnt/data/nextcloud-data/CONECT-AML/files/WGS_bam_files/01053_DG_MO.bam','/mnt/data/CONECT-bgi/hg38/WX61D4933132/F20FTSEUET0037_mapping_1/01053_DG_MO/result_alignment/01053_DG_MO.bam',240.5,'25cf85b5bb2d0599ef830e64c5a94397','01053_DG_MO','http://www.8RdmTH.u20JUAp-Hs.com'),(156,'01053_WT_MO.bam','/mnt/data/nextcloud-data/CONECT-AML/files/WGS_bam_files/01053_WT_MO.bam','/mnt/data/CONECT-bgi/hg38/WX61D4933132/F20FTSEUET0037_mapping_1/01053_WT_MO/result_alignment/01053_WT_MO.bam',92.9,'6788266ef76631ecd5c22fa68548212c','01053_WT_MO','http://www.NpM8EzM4.5epdi_66e.com'),(157,'05006_DG_MO.bam','/mnt/data/nextcloud-data/CONECT-AML/files/WGS_bam_files/05006_DG_MO.bam','/mnt/data/CONECT-bgi/hg38/WX11D494EE8N/F20FTSEUET0037_mapping_2/05006_DG_MO/result_alignment/05006_DG_MO.bam',239.6,'7784cde1327f153dd5403e652bb369b1','05006_DG_MO','http://www.qU7EH.GPLjQt6irc.com'),(158,'05006_WT_SG.bam','/mnt/data/nextcloud-data/CONECT-AML/files/WGS_bam_files/05006_WT_SG.bam','/mnt/data/CONECT-bgi/hg38/WX11D494EE8N/F20FTSEUET0037_mapping_2/05006_WT_SG/result_alignment/05006_WT_SG.bam',85.4,'52f3ba95c233c77221559cfb71a44449','05006_WT_SG','http://www.m4r1MTN.wl2t1MB9.com'),(159,'05007_DG_MO.bam','/mnt/data/nextcloud-data/CONECT-AML/files/WGS_bam_files/05007_DG_MO.bam','/mnt/data/CONECT-bgi/hg38/WX11D494EE8N/F20FTSEUET0037_mapping_2/05007_DG_MO/result_alignment/05007_DG_MO.bam',218.5,'f74cfee5e8642de14a6c1ce1fd988c2f','05007_DG_MO','http://www.d-oRyb7.tsfOXlo.com'),(160,'05007_WT_SG.bam','/mnt/data/nextcloud-data/CONECT-AML/files/WGS_bam_files/05007_WT_SG.bam','/mnt/data/CONECT-bgi/hg38/WX11D494EE8N/F20FTSEUET0037_mapping_2/05007_WT_SG/result_alignment/05007_WT_SG.bam',82.6,'698506c8fa740b458101f03910c6b360','05007_WT_SG','http://www.SmxiGtO.rK1ySXZwgb.com'),(161,'05009_DG_MO.bam','/mnt/data/nextcloud-data/CONECT-AML/files/WGS_bam_files/05009_DG_MO.bam','/mnt/data/CONECT-bgi/hg38/WX11D494EE8N/F20FTSEUET0037_mapping_2/05009_DG_MO/result_alignment/05009_DG_MO.bam',223.9,'58580eae8da00c301a6979f4bcdf746f','05009_DG_MO','http://www.OlZTZms.IRDJcp3Ig.com'),(162,'05009_WT_SG.bam','/mnt/data/nextcloud-data/CONECT-AML/files/WGS_bam_files/05009_WT_SG.bam','/mnt/data/CONECT-bgi/hg38/WX11D494EE8N/F20FTSEUET0037_mapping_2/05009_WT_SG/result_alignment/05009_WT_SG.bam',92.8,'e7b20b5048cfb3b35852b47bcf292b3e','05009_WT_SG','http://www.sVykCM6B.HATCCA.com'),(163,'05013_DG_MO.bam','/mnt/data/nextcloud-data/CONECT-AML/files/WGS_bam_files/05013_DG_MO.bam','/mnt/data/CONECT-bgi/hg38/WX11D494EE8N/F20FTSEUET0037_mapping_2/05013_DG_MO/result_alignment/05013_DG_MO.bam',234.3,'21524fd14f7c569f21aeb4f83a92c689','05013_DG_MO','http://www.AtQBD.cYX4Lm_.com'),(164,'05013_WT_MO.bam','/mnt/data/nextcloud-data/CONECT-AML/files/WGS_bam_files/05013_WT_MO.bam','/mnt/data/CONECT-bgi/hg38/WX11D494EE8N/F20FTSEUET0037_mapping_2/05013_WT_MO/result_alignment/05013_WT_MO.bam',93.3,'b748a9ccc811b84b2df246e0461053ed','05013_WT_MO','http://www.FvIRHiV.Kc8t5Ry3.com'),(165,'05014_DG_MO.bam','/mnt/data/nextcloud-data/CONECT-AML/files/WGS_bam_files/05014_DG_MO.bam','/mnt/data/CONECT-bgi/hg38/WX11D494EE8N/F20FTSEUET0037_mapping_2/05014_DG_MO/result_alignment/05014_DG_MO.bam',237.1,'f00e27c57ccb873eb8531504f11e6080','05014_DG_MO','http://www.4lIWHn.JL5NndayR.com'),(166,'05014_WT_SG.bam','/mnt/data/nextcloud-data/CONECT-AML/files/WGS_bam_files/05014_WT_SG.bam','/mnt/data/CONECT-bgi/hg38/WX11D494EE8N/F20FTSEUET0037_mapping_2/05014_WT_SG/result_alignment/05014_WT_SG.bam',93.1,'7333c3b229c8ac3dfd7f6f2789448bc4','05014_WT_SG','http://www.FYbjH_w.CiG9CPPf.com'),(167,'05015_DG_MO.bam','/mnt/data/nextcloud-data/CONECT-AML/files/WGS_bam_files/05015_DG_MO.bam','/mnt/data/CONECT-bgi/hg38/WX11D494EE8N/F20FTSEUET0037_mapping_2/05015_DG_MO/result_alignment/05015_DG_MO.bam',232.4,'a5a8c136b12cd32d57b56d010169065c','05015_DG_MO','http://www.-7_TDRaHlG.2OCH6xipw.com'),(168,'05015_WT_SG.bam','/mnt/data/nextcloud-data/CONECT-AML/files/WGS_bam_files/05015_WT_SG.bam','/mnt/data/CONECT-bgi/hg38/WX11D494EE8N/F20FTSEUET0037_mapping_2/05015_WT_SG/result_alignment/05015_WT_SG.bam',92.8,'dc525a20462e72a15f094202fa0f4b84','05015_WT_SG','http://www.j4ZUbXV56.0M56TO.com'),(169,'05018_DG_MO.bam','/mnt/data/nextcloud-data/CONECT-AML/files/WGS_bam_files/05018_DG_MO.bam','/mnt/data/CONECT-bgi/hg38/WX11D494EE8N/F20FTSEUET0037_mapping_2/05018_DG_MO/result_alignment/05018_DG_MO.bam',228,'411bcfe9e7d8f291878be353a24803a4','05018_DG_MO','http://www.GyfzntU.Oy5pMS.com'),(170,'05018_WT_MO.bam','/mnt/data/nextcloud-data/CONECT-AML/files/WGS_bam_files/05018_WT_MO.bam','/mnt/data/CONECT-bgi/hg38/WX11D494EE8N/F20FTSEUET0037_mapping_2/05018_WT_MO/result_alignment/05018_WT_MO.bam',84.5,'f0963346982771e6a4c6d3786aa7dc55','05018_WT_MO','http://www.140Zicj.iHbRSP.com'),(171,'08006_DG_MO.bam','/mnt/data/nextcloud-data/CONECT-AML/files/WGS_bam_files/08006_DG_MO.bam','/mnt/data/CONECT-bgi/hg38/WX11D494EE8N/F20FTSEUET0037_mapping_2/08006_DG_MO/result_alignment/08006_DG_MO.bam',232.6,'5d992f57b010806b964deb3f27103886','08006_DG_MO','http://www.V8-c3Sinwu.5NWa0qCehf.com'),(172,'08006_WT_SG.bam','/mnt/data/nextcloud-data/CONECT-AML/files/WGS_bam_files/08006_WT_SG.bam','/mnt/data/CONECT-bgi/hg38/WX11D494EE8N/F20FTSEUET0037_mapping_2/08006_WT_SG/result_alignment/08006_WT_SG.bam',92.7,'4e5b067da474b3f92b45e1fd762d335d','08006_WT_SG','http://www.1pF7aRCi.6DgiBQvxz-.com'),(173,'10001_DG_MO.bam','/mnt/data/nextcloud-data/CONECT-AML/files/WGS_bam_files/10001_DG_MO.bam','/mnt/data/CONECT-bgi/hg38/WX11D494EE8N/F20FTSEUET0037_mapping_2/10001_DG_MO/result_alignment/10001_DG_MO.bam',233.1,'2f51848176e5fd4e21a2f1b5d67ecf0f','10001_DG_MO','http://www.XFBLu.aMezV-U4.com'),(174,'10001_WT_SG.bam','/mnt/data/nextcloud-data/CONECT-AML/files/WGS_bam_files/10001_WT_SG.bam','/mnt/data/CONECT-bgi/hg38/WX11D494EE8N/F20FTSEUET0037_mapping_2/10001_WT_SG/result_alignment/10001_WT_SG.bam',92.4,'6eefa165aaf7f8020f7955c0cdb60d3e','10001_WT_SG','http://www.NLAd3V6BiB.yE41T.com'),(175,'10002_DG_MO.bam','/mnt/data/nextcloud-data/CONECT-AML/files/WGS_bam_files/10002_DG_MO.bam','/mnt/data/CONECT-bgi/hg38/WX11D494EE8N/F20FTSEUET0037_mapping_2/10002_DG_MO/result_alignment/10002_DG_MO.bam',228.9,'562e5b5ba98f724353bc883f895b982a','10002_DG_MO','http://www.ssl0tVD.IiFIM-.com'),(176,'10002_WT_MO.bam','/mnt/data/nextcloud-data/CONECT-AML/files/WGS_bam_files/10002_WT_MO.bam','/mnt/data/CONECT-bgi/hg38/WX11D494EE8N/F20FTSEUET0037_mapping_2/10002_WT_MO/result_alignment/10002_WT_MO.bam',93.7,'c4912fabba417715c340369a9496d416','10002_WT_MO','http://www.jJWNPFnIb_.S_QtVPnat.com'),(177,'11034_DG_MO.bam','/mnt/data/nextcloud-data/CONECT-AML/files/WGS_bam_files/11034_DG_MO.bam','/mnt/data/CONECT-bgi/hg38/WXX1EA9E8YUT/F20FTSEUET0037_mapping_3/11034_DG_MO/result_alignment/11034_DG_MO.bam',242.9,'147e8477d5cd76b743c6fb4aaa938023','11034_DG_MO','http://www.XKUJ-v.UNF-USj.com'),(178,'11034_WT_SG.bam','/mnt/data/nextcloud-data/CONECT-AML/files/WGS_bam_files/11034_WT_SG.bam','/mnt/data/CONECT-bgi/hg38/WXX1EA9E8YUT/F20FTSEUET0037_mapping_3/11034_WT_SG/result_alignment/11034_WT_SG.bam',93.2,'85d5ca839dfc4da5636b63760d01f69d','11034_WT_SG','http://www.8kNkwjR.X6xfNc0Fk.com'),(179,'11036_DG_MO.bam','/mnt/data/nextcloud-data/CONECT-AML/files/WGS_bam_files/11036_DG_MO.bam','/mnt/data/CONECT-bgi/hg38/WXX1EA9E8YUT/F20FTSEUET0037_mapping_3/11036_DG_MO/result_alignment/11036_DG_MO.bam',221.9,'367bb234d2e94f7bbd67fad4aaa231ec','11036_DG_MO','http://www.vYVjfq.AUFxG2aB.com'),(180,'11036_WT_SG.bam','/mnt/data/nextcloud-data/CONECT-AML/files/WGS_bam_files/11036_WT_SG.bam','/mnt/data/CONECT-bgi/hg38/WXX1EA9E8YUT/F20FTSEUET0037_mapping_3/11036_WT_SG/result_alignment/11036_WT_SG.bam',91.9,'c7b3d04d106d978727e120a4c7803e43','11036_WT_SG','http://www.5kqt9Q.CDfMoIiHG6.com'),(181,'13009_DG_MO.bam','/mnt/data/nextcloud-data/CONECT-AML/files/WGS_bam_files/13009_DG_MO.bam','/mnt/data/CONECT-bgi/hg38/WXX1EA9E8YUT/F20FTSEUET0037_mapping_3/13009_DG_MO/result_alignment/13009_DG_MO.bam',228.8,'230e195e5ad467648eccf4b2396bcacc','13009_DG_MO','http://www.2pqKq.TMsUHe.com'),(182,'13009_WT_SG.bam','/mnt/data/nextcloud-data/CONECT-AML/files/WGS_bam_files/13009_WT_SG.bam','/mnt/data/CONECT-bgi/hg38/WXX1EA9E8YUT/F20FTSEUET0037_mapping_3/13009_WT_SG/result_alignment/13009_WT_SG.bam',94.2,'6175ac38c53420a69c13a6765404e09c','13009_WT_SG','http://www.KX-N363It.TWWn5q.com'),(183,'13011_DG_MO.bam','/mnt/data/nextcloud-data/CONECT-AML/files/WGS_bam_files/13011_DG_MO.bam','/mnt/data/CONECT-bgi/hg38/WXX1EA9E8YUT/F20FTSEUET0037_mapping_3/13011_DG_MO/result_alignment/13011_DG_MO.bam',225.3,'5d39ded1da64d48b2c15b2a49ee12687','13011_DG_MO','http://www.Stk96CRsU.gdYkeWP4H1.com'),(184,'13011_WT_MO.bam','/mnt/data/nextcloud-data/CONECT-AML/files/WGS_bam_files/13011_WT_MO.bam','/mnt/data/CONECT-bgi/hg38/WXX1EA9E8YUT/F20FTSEUET0037_mapping_3/13011_WT_MO/result_alignment/13011_WT_MO.bam',90.9,'a19d848e66ce3222c56105f77430da3b','13011_WT_MO','http://www.d6Gn4VZMF.-OL_D.com'),(185,'13016_DG_MO.bam','/mnt/data/nextcloud-data/CONECT-AML/files/WGS_bam_files/13016_DG_MO.bam','/mnt/data/CONECT-bgi/hg38/WXX1EA9E8YUT/F20FTSEUET0037_mapping_3/13016_DG_MO/result_alignment/13016_DG_MO.bam',229.8,'f99faad28621f086c59198c899d37d36','13016_DG_MO','http://www.10RZm1_P.l4yGXsDc.com'),(186,'13016_WT_SG.bam','/mnt/data/nextcloud-data/CONECT-AML/files/WGS_bam_files/13016_WT_SG.bam','/mnt/data/CONECT-bgi/hg38/WXX1EA9E8YUT/F20FTSEUET0037_mapping_3/13016_WT_SG/result_alignment/13016_WT_SG.bam',88,'d3a64bb8ba1421b505e58c38edde0d4a','13016_WT_SG','http://www.oZdzwWvJ.DziHWE8.com'),(187,'13020_DG_MO.bam','/mnt/data/nextcloud-data/CONECT-AML/files/WGS_bam_files/13020_DG_MO.bam','/mnt/data/CONECT-bgi/hg38/WXX1EA9E8YUT/F20FTSEUET0037_mapping_3/13020_DG_MO/result_alignment/13020_DG_MO.bam',224.6,'659ed6bb6e983e89f24bde28e620035e','13020_DG_MO','http://www.TZGSI.ZOUr5X.com'),(188,'13020_WT_SG.bam','/mnt/data/nextcloud-data/CONECT-AML/files/WGS_bam_files/13020_WT_SG.bam','/mnt/data/CONECT-bgi/hg38/WXX1EA9E8YUT/F20FTSEUET0037_mapping_3/13020_WT_SG/result_alignment/13020_WT_SG.bam',91.6,'4fd2c7d27b9e2d0c450cfcbf2d09eaa0','13020_WT_SG','http://www.CmNPDB3.T0Ei_uew3i.com'),(189,'13023_DG_MO.bam','/mnt/data/nextcloud-data/CONECT-AML/files/WGS_bam_files/13023_DG_MO.bam','/mnt/data/CONECT-bgi/hg38/WXX1EA9E8YUT/F20FTSEUET0037_mapping_3/13023_DG_MO/result_alignment/13023_DG_MO.bam',219.2,'d32b715d6cd3158541b135ceaf2ed42e','13023_DG_MO','http://www.fJYft7GU.gCixeJ.com'),(190,'13023_WT_SG.bam','/mnt/data/nextcloud-data/CONECT-AML/files/WGS_bam_files/13023_WT_SG.bam','/mnt/data/CONECT-bgi/hg38/WXX1EA9E8YUT/F20FTSEUET0037_mapping_3/13023_WT_SG/result_alignment/13023_WT_SG.bam',88.9,'02a4ebf936ddabeb038f91103a6aa67b','13023_WT_SG','http://www.agtqWdbD.fTnW7lNVb.com'),(191,'13026_DG_MO.bam','/mnt/data/nextcloud-data/CONECT-AML/files/WGS_bam_files/13026_DG_MO.bam','/mnt/data/CONECT-bgi/hg38/WXX1EA9E8YUT/F20FTSEUET0037_mapping_3/13026_DG_MO/result_alignment/13026_DG_MO.bam',217.5,'35dad4f530a5e49188b8c4bc876f4f23','13026_DG_MO','http://www.0RlCUWW.-2JY5o7HJ.com'),(192,'13026_WT_SG.bam','/mnt/data/nextcloud-data/CONECT-AML/files/WGS_bam_files/13026_WT_SG.bam','/mnt/data/CONECT-bgi/hg38/WXX1EA9E8YUT/F20FTSEUET0037_mapping_3/13026_WT_SG/result_alignment/13026_WT_SG.bam',92.2,'ad54dfeb023f50ac13e81de5db1890c6','13026_WT_SG','http://www.bOIhcq.q459H3kS9.com'),(193,'13029_DG_MO.bam','/mnt/data/nextcloud-data/CONECT-AML/files/WGS_bam_files/13029_DG_MO.bam','/mnt/data/CONECT-bgi/hg38/WXX1EA9E8YUT/F20FTSEUET0037_mapping_3/13029_DG_MO/result_alignment/13029_DG_MO.bam',230.1,'67b0195ab6dc4de8848ddd6af6ff9e2c','13029_DG_MO','http://www.eLmn7.o7TwFVb-.com'),(194,'13029_WT_SG.bam','/mnt/data/nextcloud-data/CONECT-AML/files/WGS_bam_files/13029_WT_SG.bam','/mnt/data/CONECT-bgi/hg38/WXX1EA9E8YUT/F20FTSEUET0037_mapping_3/13029_WT_SG/result_alignment/13029_WT_SG.bam',94.5,'0061b83fd9a82bb319aef62072dc4a17','13029_WT_SG','http://www.SWDeCI.TLn2fVzsA.com'),(195,'16008_DG_MO.bam','/mnt/data/nextcloud-data/CONECT-AML/files/WGS_bam_files/16008_DG_MO.bam','/mnt/data/CONECT-bgi/hg38/WXD2E20A6KCR/F20FTSEUET0037_mapping_4/16008_DG_MO/result_alignment/16008_DG_MO.bam',241.8,'ba6cbfdd0ae03202f0d22a0a344cc446','16008_DG_MO','http://www.BvbKGd1.CLun-OxM.com'),(196,'16008_WT_MO.bam','/mnt/data/nextcloud-data/CONECT-AML/files/WGS_bam_files/16008_WT_MO.bam','/mnt/data/CONECT-bgi/hg38/WXD2E20A6KCR/F20FTSEUET0037_mapping_4/16008_WT_MO/result_alignment/16008_WT_MO.bam',82.3,'4f0789456164c2170062fe0d42378152','16008_WT_MO','http://www.mYIq2gGw2-.qN79U84I6U.com'),(197,'16013_DG_MO.bam','/mnt/data/nextcloud-data/CONECT-AML/files/WGS_bam_files/16013_DG_MO.bam','/mnt/data/CONECT-bgi/hg38/WXD2E20A6KCR/F20FTSEUET0037_mapping_4/16013_DG_MO/result_alignment/16013_DG_MO.bam',244.1,'e7bfe9c687dad10bb380828a4be74295','16013_DG_MO','http://www.szhzc.5vhXpetdKQ.com'),(198,'16013_WT_SG.bam','/mnt/data/nextcloud-data/CONECT-AML/files/WGS_bam_files/16013_WT_SG.bam','/mnt/data/CONECT-bgi/hg38/WXD2E20A6KCR/F20FTSEUET0037_mapping_4/16013_WT_SG/result_alignment/16013_WT_SG.bam',82.7,'ecc0d23b48e80a36a2affc8f8616c2ae','16013_WT_SG','http://www.j7Y_9TcG.OzwCJxzp4P.com'),(199,'17006_DG_MO.bam','/mnt/data/nextcloud-data/CONECT-AML/files/WGS_bam_files/17006_DG_MO.bam','/mnt/data/CONECT-bgi/hg38/WXD2E20A6KCR/F20FTSEUET0037_mapping_4/17006_DG_MO/result_alignment/17006_DG_MO.bam',222.3,'caf0aa4e303ee81bedb5daaa28cca1a5','17006_DG_MO','http://www.94mKK633R.JB-o6.com'),(200,'17006_WT_SG.bam','/mnt/data/nextcloud-data/CONECT-AML/files/WGS_bam_files/17006_WT_SG.bam','/mnt/data/CONECT-bgi/hg38/WXD2E20A6KCR/F20FTSEUET0037_mapping_4/17006_WT_SG/result_alignment/17006_WT_SG.bam',92.6,'9fe79b662963507a2f0d296c4b952eee','17006_WT_SG','http://www.TVTSkDQT5P.tlI4wuL.com'),(201,'17009_DG_SG.bam','/mnt/data/nextcloud-data/CONECT-AML/files/WGS_bam_files/17009_DG_SG.bam','/mnt/data/CONECT-bgi/hg38/WXD2E20A6KCR/F20FTSEUET0037_mapping_4/17009_DG_SG/result_alignment/17009_DG_SG.bam',232,'0467e093b66a033e0128f16bb7418658','17009_DG_SG','http://www.uFLho.jxZhobh2fH.com'),(202,'17009_WT_SG.bam','/mnt/data/nextcloud-data/CONECT-AML/files/WGS_bam_files/17009_WT_SG.bam','/mnt/data/CONECT-bgi/hg38/WXD2E20A6KCR/F20FTSEUET0037_mapping_4/17009_WT_SG/result_alignment/17009_WT_SG.bam',91,'be0559fbf3545f87c045234cec67c892','17009_WT_SG','http://www.6iN6tnXf.MV5_1L.com'),(203,'18008_DG_MO.bam','/mnt/data/nextcloud-data/CONECT-AML/files/WGS_bam_files/18008_DG_MO.bam','/mnt/data/CONECT-bgi/hg38/WXD2E20A6KCR/F20FTSEUET0037_mapping_4/18008_DG_MO/result_alignment/18008_DG_MO.bam',224.7,'ebd5beb6870166e0a42e61907cd60f61','18008_DG_MO','http://www.FtLcDy6x9.oMN0rB.com'),(204,'18008_WT_SG.bam','/mnt/data/nextcloud-data/CONECT-AML/files/WGS_bam_files/18008_WT_SG.bam','/mnt/data/CONECT-bgi/hg38/WXD2E20A6KCR/F20FTSEUET0037_mapping_4/18008_WT_SG/result_alignment/18008_WT_SG.bam',91.8,'00bfb73e6ddb77002b25eeb4f5e54b27','18008_WT_SG','http://www.X8ix7.42GfILXT5.com'),(205,'20011_DG_MO.bam','/mnt/data/nextcloud-data/CONECT-AML/files/WGS_bam_files/20011_DG_MO.bam','/mnt/data/CONECT-bgi/hg38/WXD2E20A6KCR/F20FTSEUET0037_mapping_4/20011_DG_MO/result_alignment/20011_DG_MO.bam',241.4,'8f3ee02811c5f1b78a54020a09f5be88','20011_DG_MO','http://www.nVj5P.ahFg2Wf.com'),(206,'20011_WT_MO.bam','/mnt/data/nextcloud-data/CONECT-AML/files/WGS_bam_files/20011_WT_MO.bam','/mnt/data/CONECT-bgi/hg38/WXD2E20A6KCR/F20FTSEUET0037_mapping_4/20011_WT_MO/result_alignment/20011_WT_MO.bam',93.3,'a062fd05a2f59f289366f31135eed749','20011_WT_MO','http://www.PS4Xba.8IUN2ofn3.com'),(207,'20015_DG_MO.bam','/mnt/data/nextcloud-data/CONECT-AML/files/WGS_bam_files/20015_DG_MO.bam','/mnt/data/CONECT-bgi/hg38/WXD2E20A6KCR/F20FTSEUET0037_mapping_4/20015_DG_MO/result_alignment/20015_DG_MO.bam',228.2,'41e4dd3d2802f4e1a38bc64433f325fc','20015_DG_MO','http://www.LyOtoHUPxq.AnK-6.com'),(208,'20015_WT_SG_2.bam','/mnt/data/nextcloud-data/CONECT-AML/files/WGS_bam_files/20015_WT_SG_2.bam','/mnt/data/CONECT-bgi/hg38/WXF2E21CZ989/F21FTSEUET0124_HUMglbyR_18Jan2022_2/alignment/20015_WT_SG_2/20015_WT_SG_2.bam',120.2,'16b148ac73ae3a12000042112adb11fb','20015_WT_SG_2','http://www.scXwN.rqzWx8J.com'),(209,'20017_DG_SG.bam','/mnt/data/nextcloud-data/CONECT-AML/files/WGS_bam_files/20017_DG_SG.bam','/mnt/data/CONECT-bgi/hg38/WXD2E20A6KCR/F20FTSEUET0037_mapping_4/20017_DG_SG/result_alignment/20017_DG_SG.bam',227.6,'11935b434f86ee6567cdd5897f993080','20017_DG_SG','http://www.dN7DbGN.UbiVo30.com'),(210,'20017_WT_MO.bam','/mnt/data/nextcloud-data/CONECT-AML/files/WGS_bam_files/20017_WT_MO.bam','/mnt/data/CONECT-bgi/hg38/WXD2E20A6KCR/F20FTSEUET0037_mapping_4/20017_WT_MO/result_alignment/20017_WT_MO.bam',91.3,'625cf3237a864b3965b0a096607ba93f','20017_WT_MO','http://www.fCzsyQU.Ujo_2xscps.com'),(211,'20018_DG_SG.bam','/mnt/data/nextcloud-data/CONECT-AML/files/WGS_bam_files/20018_DG_SG.bam','/mnt/data/CONECT-bgi/hg38/WXD2E20A6KCR/F20FTSEUET0037_mapping_4/20018_DG_SG/result_alignment/20018_DG_SG.bam',222.2,'631862e80eeaef974b815403b3b02fd4','20018_DG_SG','http://www.LNrussHzgD.suVNFC.com'),(212,'20018_WT_SG.bam','/mnt/data/nextcloud-data/CONECT-AML/files/WGS_bam_files/20018_WT_SG.bam','/mnt/data/CONECT-bgi/hg38/WXD2E20A6KCR/F20FTSEUET0037_mapping_4/20018_WT_SG/result_alignment/20018_WT_SG.bam',82.5,'6a9158e27d5fe13f69db954a91275773','20018_WT_SG','http://www._QE4Wy2p5i.f4N7JSV4R.com'),(213,'20030_DG_MO.bam','/mnt/data/nextcloud-data/CONECT-AML/files/WGS_bam_files/20030_DG_MO.bam','/mnt/data/CONECT-bgi/hg38/WXD2E20A6KCR/F20FTSEUET0037_mapping_4/20030_DG_MO/result_alignment/20030_DG_MO.bam',232.9,'fc2222871746c11fd8e20c691253cc65','20030_DG_MO','http://www.7yIlorBQ.FZXLRFGNdz.com'),(214,'20030_WT_MO.bam','/mnt/data/nextcloud-data/CONECT-AML/files/WGS_bam_files/20030_WT_MO.bam','/mnt/data/CONECT-bgi/hg38/WXD2E20A6KCR/F20FTSEUET0037_mapping_4/20030_WT_MO/result_alignment/20030_WT_MO.bam',83.3,'267740ae816ac1eb53dbf03e4c0d6bbb','20030_WT_MO','http://www.YVP9iGmeK.ta3tkKU.com'),(215,'21006_DG_SG.bam','/mnt/data/nextcloud-data/CONECT-AML/files/WGS_bam_files/21006_DG_SG.bam','/mnt/data/CONECT-bgi/hg38/WXD2E2093YW7/F20FTSEUET0037_mapping_5/21006_DG_SG/result_alignment/21006_DG_SG.bam',244.4,'5324361ae7db667eaaa77f3d7a03bf3b','21006_DG_SG','http://www.BXcdcb1-.mcfYPVzP.com'),(216,'21006_WT_SG.bam','/mnt/data/nextcloud-data/CONECT-AML/files/WGS_bam_files/21006_WT_SG.bam','/mnt/data/CONECT-bgi/hg38/WXD2E2093YW7/F20FTSEUET0037_mapping_5/21006_WT_SG/result_alignment/21006_WT_SG.bam',81.5,'957ec5b68358d3fcf8019aa32ee87482','21006_WT_SG','http://www.JtfA9hL7.csh3YP7.com'),(217,'22006_DG_MO.bam','/mnt/data/nextcloud-data/CONECT-AML/files/WGS_bam_files/22006_DG_MO.bam','/mnt/data/CONECT-bgi/hg38/WXD2E2093YW7/F20FTSEUET0037_mapping_5/22006_DG_MO/result_alignment/22006_DG_MO.bam',225.1,'c7aa4d84a1669dc3c2b5d014fea667bf','22006_DG_MO','http://www.E4KaH.cYIzWg8M.com'),(218,'22006_WT_SG.bam','/mnt/data/nextcloud-data/CONECT-AML/files/WGS_bam_files/22006_WT_SG.bam','/mnt/data/CONECT-bgi/hg38/WXD2E2093YW7/F20FTSEUET0037_mapping_5/22006_WT_SG/result_alignment/22006_WT_SG.bam',92.1,'704a90e23c8148a03094e26d781d57e3','22006_WT_SG','http://www.8bejbWnkm.hazn96NS.com'),(219,'22007_DG_MO.bam','/mnt/data/nextcloud-data/CONECT-AML/files/WGS_bam_files/22007_DG_MO.bam','/mnt/data/CONECT-bgi/hg38/WXD2E2093YW7/F20FTSEUET0037_mapping_5/22007_DG_MO/result_alignment/22007_DG_MO.bam',222.8,'b43e150e600433e948626ffea8218d6f','22007_DG_MO','http://www.RY1z6J.5vtdFvbwM.com'),(220,'22007_WT_SG.bam','/mnt/data/nextcloud-data/CONECT-AML/files/WGS_bam_files/22007_WT_SG.bam','/mnt/data/CONECT-bgi/hg38/WXD2E2093YW7/F20FTSEUET0037_mapping_5/22007_WT_SG/result_alignment/22007_WT_SG.bam',90.7,'94100b3959cbe09b82452c17a294885b','22007_WT_SG','http://www.owlxsQtQ-.tG6Y7Z0.com'),(221,'26007_DG_MO.bam','/mnt/data/nextcloud-data/CONECT-AML/files/WGS_bam_files/26007_DG_MO.bam','/mnt/data/CONECT-bgi/hg38/WXD2E2093YW7/F20FTSEUET0037_mapping_5/26007_DG_MO/result_alignment/26007_DG_MO.bam',212.2,'415ec8821a359fc252c1fe6a57cb828d','26007_DG_MO','http://www.dfhMUx0By.fniTNkv.com'),(222,'26007_WT_SG.bam','/mnt/data/nextcloud-data/CONECT-AML/files/WGS_bam_files/26007_WT_SG.bam','/mnt/data/CONECT-bgi/hg38/WXD2E2093YW7/F20FTSEUET0037_mapping_5/26007_WT_SG/result_alignment/26007_WT_SG.bam',89.1,'f0b3eb8fb9f4875b93f3362ea0785a3d','26007_WT_SG','http://www.M46ITeox.l5isUi.com'),(223,'29005_DG_SG.bam','/mnt/data/nextcloud-data/CONECT-AML/files/WGS_bam_files/29005_DG_SG.bam','/mnt/data/CONECT-bgi/hg38/WXD2E2093YW7/F20FTSEUET0037_mapping_5/29005_DG_SG/result_alignment/29005_DG_SG.bam',242.2,'6b50c7f575f5df44823879ef59fc6c35','29005_DG_SG','http://www.bbj0bQKo.5uRyboqc.com'),(224,'29005_WT_SG.bam','/mnt/data/nextcloud-data/CONECT-AML/files/WGS_bam_files/29005_WT_SG.bam','/mnt/data/CONECT-bgi/hg38/WXD2E2093YW7/F20FTSEUET0037_mapping_5/29005_WT_SG/result_alignment/29005_WT_SG.bam',89.4,'592761259ca0bd368fefd5bb4fb4736b','29005_WT_SG','http://www.Ik4thrT9.MqwNQM.com'),(225,'29007_DG_MO.bam','/mnt/data/nextcloud-data/CONECT-AML/files/WGS_bam_files/29007_DG_MO.bam','/mnt/data/CONECT-bgi/hg38/WXD2E2093YW7/F20FTSEUET0037_mapping_5/29007_DG_MO/result_alignment/29007_DG_MO.bam',229.7,'a52ca5411d3480091c54114e8585be95','29007_DG_MO','http://www.-GpuqHyfD.w1gN5k.com'),(226,'29007_WT_SG.bam','/mnt/data/nextcloud-data/CONECT-AML/files/WGS_bam_files/29007_WT_SG.bam','/mnt/data/CONECT-bgi/hg38/WXD2E2093YW7/F20FTSEUET0037_mapping_5/29007_WT_SG/result_alignment/29007_WT_SG.bam',88.8,'4e33037d4cf4c8341f026499ac2fd79b','29007_WT_SG','http://www.6q4IsAbPpR.0aKeEFS.com'),(227,'29010_DG_MO.bam','/mnt/data/nextcloud-data/CONECT-AML/files/WGS_bam_files/29010_DG_MO.bam','/mnt/data/CONECT-bgi/hg38/WXD2E2093YW7/F20FTSEUET0037_mapping_5/29010_DG_MO/result_alignment/29010_DG_MO.bam',232.5,'0bd5d47e20ad1574382509eca48be228','29010_DG_MO','http://www.-MP5A6.vt_NV3Q_7.com'),(228,'29010_WT_MO.bam','/mnt/data/nextcloud-data/CONECT-AML/files/WGS_bam_files/29010_WT_MO.bam','/mnt/data/CONECT-bgi/hg38/WXD2E2093YW7/F20FTSEUET0037_mapping_5/29010_WT_MO/result_alignment/29010_WT_MO.bam',93.6,'d6cc50db126cc314e451bdf1f8bd5bd3','29010_WT_MO','http://www.ECwYpQnPR.84RsRpsFXB.com'),(229,'29012_DG_SG.bam','/mnt/data/nextcloud-data/CONECT-AML/files/WGS_bam_files/29012_DG_SG.bam','/mnt/data/CONECT-bgi/hg38/WXD2E2093YW7/F20FTSEUET0037_mapping_5/29012_DG_SG/result_alignment/29012_DG_SG.bam',232.8,'577f37490b347822f993b937381862e2','29012_DG_SG','http://www.g64GQ.Y42RdQw.com'),(230,'29012_WT_SG.bam','/mnt/data/nextcloud-data/CONECT-AML/files/WGS_bam_files/29012_WT_SG.bam','/mnt/data/CONECT-bgi/hg38/WXD2E2093YW7/F20FTSEUET0037_mapping_5/29012_WT_SG/result_alignment/29012_WT_SG.bam',79.6,'4ca961b1c8300233761c3f59aeddd429','29012_WT_SG','http://www.zbOh9WBaz.h2w_STCXw2.com'),(231,'AOULE_DG_MO.bam','/mnt/data/nextcloud-data/CONECT-AML/files/WGS_bam_files/AOULE_DG_MO.bam','/mnt/data/CONECT-bgi/hg38/WXD2E2093YW7/F20FTSEUET0037_mapping_5/AOULE_DG_MO/result_alignment/AOULE_DG_MO.bam',227.9,'bc7c55fc9d0daa88f065dec5d76b67ba','AOULE_DG_MO','http://www.MBBBB7PVQ.jGa-Wjl.com'),(232,'AOULE_WT_MO.bam','/mnt/data/nextcloud-data/CONECT-AML/files/WGS_bam_files/AOULE_WT_MO.bam','/mnt/data/CONECT-bgi/hg38/WXD2E2093YW7/F20FTSEUET0037_mapping_5/AOULE_WT_MO/result_alignment/AOULE_WT_MO.bam',90.5,'719e92d77c3a696c92208e56591ede63','AOULE_WT_MO','http://www.8T8zrisMW.T18kmIwtq.com'),(233,'BAHAM_DG_MO.bam','/mnt/data/nextcloud-data/CONECT-AML/files/WGS_bam_files/BAHAM_DG_MO.bam','/mnt/data/CONECT-bgi/hg38/WXD2E2093YW7/F20FTSEUET0037_mapping_5/BAHAM_DG_MO/result_alignment/BAHAM_DG_MO.bam',228.7,'5589c5150f2513e2afcb535cdc393e93','BAHAM_DG_MO','http://www.FA-w1081A-.LP9DZO.com'),(234,'BAHAM_WT_MO.bam','/mnt/data/nextcloud-data/CONECT-AML/files/WGS_bam_files/BAHAM_WT_MO.bam','/mnt/data/CONECT-bgi/hg38/WXD2E2093YW7/F20FTSEUET0037_mapping_5/BAHAM_WT_MO/result_alignment/BAHAM_WT_MO.bam',84.8,'5f860982570a255298ae50a699586684','BAHAM_WT_MO','http://www.RvvcZMrFd.tGMSj.com'),(235,'BOURI_DG_MO.bam','/mnt/data/nextcloud-data/CONECT-AML/files/WGS_bam_files/BOURI_DG_MO.bam','/mnt/data/CONECT-bgi/hg38/WXF2E2011302/F20FTSEUET0037_mapping_6/BOURI_DG_MO/result_alignment/BOURI_DG_MO.bam',223.5,'7a4819a456d9ee038ee1119312865ff9','BOURI_DG_MO','http://www.TBbaksS_XI.uiYpfB1yX.com'),(236,'BOURI_WT_MO_2.bam','/mnt/data/nextcloud-data/CONECT-AML/files/WGS_bam_files/BOURI_WT_MO_2.bam','/mnt/data/CONECT-bgi/hg38/WXF2E21CZ989/F21FTSEUET0124_HUMglbyR_18Jan2022_2/alignment/BOURI_WT_MO_2/BOURI_WT_MO_2.bam',108.4,'2c27ad2f46dc8f5bf42149684def8195','BOURI_WT_MO_2','http://www.3F31aWk.afx6wUrLlD.com'),(237,'BRECA_DG_MO.bam','/mnt/data/nextcloud-data/CONECT-AML/files/WGS_bam_files/BRECA_DG_MO.bam','/mnt/data/CONECT-bgi/hg38/WXF2E2011302/F20FTSEUET0037_mapping_6/BRECA_DG_MO/result_alignment/BRECA_DG_MO.bam',225.5,'30616b5e7447d3ce3063076840bc9a60','BRECA_DG_MO','http://www.4LYzxm8Op.EYTV6w.com'),(238,'BRECA_WT_MO.bam','/mnt/data/nextcloud-data/CONECT-AML/files/WGS_bam_files/BRECA_WT_MO.bam','/mnt/data/CONECT-bgi/hg38/WXF2E2011302/F20FTSEUET0037_mapping_6/BRECA_WT_MO/result_alignment/BRECA_WT_MO.bam',85.1,'a359af0d551237ec5a276727e038513f','BRECA_WT_MO','http://www.cZfkYXu.f1cM1LIt.com'),(239,'CHERA_DG_MO.bam','/mnt/data/nextcloud-data/CONECT-AML/files/WGS_bam_files/CHERA_DG_MO.bam','/mnt/data/CONECT-bgi/hg38/WXF2E2011302/F20FTSEUET0037_mapping_6/CHERA_DG_MO/result_alignment/CHERA_DG_MO.bam',237.5,'1a5c67f89e2d4b4f964abf15bb67cb62','CHERA_DG_MO','http://www.Xl8Ac.zdVoLU.com'),(240,'CHERA_WT_MO_2.bam','/mnt/data/nextcloud-data/CONECT-AML/files/WGS_bam_files/CHERA_WT_MO_2.bam','/mnt/data/CONECT-bgi/hg38/WXF2E21CZ989/F21FTSEUET0124_HUMglbyR_18Jan2022_2/alignment/CHERA_WT_MO_2/CHERA_WT_MO_2.bam',118,'cfe082eac9b42e3724be97e9ef23ecbc','CHERA_WT_MO_2','http://www.EQGazGc3oR.Uh7lDbd.com'),(241,'CONDI_DG_MO.bam','/mnt/data/nextcloud-data/CONECT-AML/files/WGS_bam_files/CONDI_DG_MO.bam','/mnt/data/CONECT-bgi/hg38/WXF2E2011302/F20FTSEUET0037_mapping_6/CONDI_DG_MO/result_alignment/CONDI_DG_MO.bam',235.6,'eb7598de93fe3adf219cf2df20de8c69','CONDI_DG_MO','http://www.qBIATgRp.I4RLW.com'),(242,'CONDI_WT_MO.bam','/mnt/data/nextcloud-data/CONECT-AML/files/WGS_bam_files/CONDI_WT_MO.bam','/mnt/data/CONECT-bgi/hg38/WXF2E2011302/F20FTSEUET0037_mapping_6/CONDI_WT_MO/result_alignment/CONDI_WT_MO.bam',81.2,'dfb121625ef161c53d53f3ac883dd672','CONDI_WT_MO','http://www.kGozcpt-w_.6jMbvpCf.com'),(243,'CRALE_DG_MO.bam','/mnt/data/nextcloud-data/CONECT-AML/files/WGS_bam_files/CRALE_DG_MO.bam','/mnt/data/CONECT-bgi/hg38/WXF2E2011302/F20FTSEUET0037_mapping_6/CRALE_DG_MO/result_alignment/CRALE_DG_MO.bam',233.5,'87ad0458f64d28028bfdb2c318a4f560','CRALE_DG_MO','http://www._SY4lObym.et1MFeAbnz.com'),(244,'CRALE_WT_MO.bam','/mnt/data/nextcloud-data/CONECT-AML/files/WGS_bam_files/CRALE_WT_MO.bam','/mnt/data/CONECT-bgi/hg38/WXF2E2011302/F20FTSEUET0037_mapping_6/CRALE_WT_MO/result_alignment/CRALE_WT_MO.bam',92,'f27dda40ec584646414b76f9127b5b91','CRALE_WT_MO','http://www.JkivN.bvrCG.com'),(245,'DESRO_DG_MO.bam','/mnt/data/nextcloud-data/CONECT-AML/files/WGS_bam_files/DESRO_DG_MO.bam','/mnt/data/CONECT-bgi/hg38/WXF2E2011302/F20FTSEUET0037_mapping_6/DESRO_DG_MO/result_alignment/DESRO_DG_MO.bam',219.4,'20ea7bf849a0c1fa574ecb16f6a94cf1','DESRO_DG_MO','http://www.bOlx6a7T.OKSXlqKD.com'),(246,'DESRO_WT_MO.bam','/mnt/data/nextcloud-data/CONECT-AML/files/WGS_bam_files/DESRO_WT_MO.bam','/mnt/data/CONECT-bgi/hg38/WXF2E2011302/F20FTSEUET0037_mapping_6/DESRO_WT_MO/result_alignment/DESRO_WT_MO.bam',90.6,'8d366ea448d1f958d49c5b002dba1548','DESRO_WT_MO','http://www.9xKW2.yDMPa.com'),(247,'GARTH_DG_MO.bam','/mnt/data/nextcloud-data/CONECT-AML/files/WGS_bam_files/GARTH_DG_MO.bam','/mnt/data/CONECT-bgi/hg38/WXF2E2011302/F20FTSEUET0037_mapping_6/GARTH_DG_MO/result_alignment/GARTH_DG_MO.bam',232.1,'b51f36b46c4061097a66a2dce6df3750','GARTH_DG_MO','http://www.5tsoVfB.742x6.com'),(248,'GARTH_WT_MO_2.bam','/mnt/data/nextcloud-data/CONECT-AML/files/WGS_bam_files/GARTH_WT_MO_2.bam','/mnt/data/CONECT-bgi/hg38/WXF2E21CZ989/F21FTSEUET0124_HUMglbyR_18Jan2022_2/alignment/GARTH_WT_MO_2/GARTH_WT_MO_2.bam',107.1,'38979daed8d7735f3b37f693afbb9620','GARTH_WT_MO_2','http://www.bDSxagndFf.feh5iK_l.com'),(249,'GHEAD_DG_MO.bam','/mnt/data/nextcloud-data/CONECT-AML/files/WGS_bam_files/GHEAD_DG_MO.bam','/mnt/data/CONECT-bgi/hg38/WXF2E2011302/F20FTSEUET0037_mapping_6/GHEAD_DG_MO/result_alignment/GHEAD_DG_MO.bam',236.4,'de753143d1aec29b30c039c8e078acb6','GHEAD_DG_MO','http://www.nbccDb956T.HTlsww9a.com'),(250,'GHEAD_WT_MO.bam','/mnt/data/nextcloud-data/CONECT-AML/files/WGS_bam_files/GHEAD_WT_MO.bam','/mnt/data/CONECT-bgi/hg38/WXF2E2011302/F20FTSEUET0037_mapping_6/GHEAD_WT_MO/result_alignment/GHEAD_WT_MO.bam',81,'91242563ffc86c17694291b2484264f3','GHEAD_WT_MO','http://www.5y9psPJe.z3-CfEa.com'),(251,'HAIIL_DG_MO.bam','/mnt/data/nextcloud-data/CONECT-AML/files/WGS_bam_files/HAIIL_DG_MO.bam','/mnt/data/CONECT-bgi/hg38/WXF2E2011302/F20FTSEUET0037_mapping_6/HAIIL_DG_MO/result_alignment/HAIIL_DG_MO.bam',227.2,'74ea9e5ff8b2203472df953da4bd0d13','HAIIL_DG_MO','http://www.o_OFKO.VTxqsM.com'),(252,'HAIIL_WT_MO.bam','/mnt/data/nextcloud-data/CONECT-AML/files/WGS_bam_files/HAIIL_WT_MO.bam','/mnt/data/CONECT-bgi/hg38/WXF2E2011302/F20FTSEUET0037_mapping_6/HAIIL_WT_MO/result_alignment/HAIIL_WT_MO.bam',79.6,'7e48f88ca69fdcfe0843276bac8e2b2a','HAIIL_WT_MO','http://www.RjNfJwMlRq.oo9Ir.com'),(253,'HASCH_DG_MO.bam','/mnt/data/nextcloud-data/CONECT-AML/files/WGS_bam_files/HASCH_DG_MO.bam','/mnt/data/CONECT-bgi/hg38/WXF2E2011302/F20FTSEUET0037_mapping_6/HASCH_DG_MO/result_alignment/HASCH_DG_MO.bam',234.7,'0f68f5cbed1505f2ee5a8acbacb9378d','HASCH_DG_MO','http://www.kXIJmv.OHrPBw.com'),(254,'HASCH_WT_MO.bam','/mnt/data/nextcloud-data/CONECT-AML/files/WGS_bam_files/HASCH_WT_MO.bam','/mnt/data/CONECT-bgi/hg38/WXF2E2011302/F20FTSEUET0037_mapping_6/HASCH_WT_MO/result_alignment/HASCH_WT_MO.bam',88.3,'1c51d59a65138d4d758b0c7e995e0fb3','HASCH_WT_MO','http://www.qPvwefs.9_Yprtsm_.com'),(255,'JIDMA_DG_MO.bam','/mnt/data/nextcloud-data/CONECT-AML/files/WGS_bam_files/JIDMA_DG_MO.bam','/mnt/data/CONECT-bgi/hg38/WXD2E20DSULS/F20FTSEUET0037_mapping_7/JIDMA_DG_MO/result_alignment/JIDMA_DG_MO.bam',229.5,'ea9d014aca5629b7101f38561db03f12','JIDMA_DG_MO','http://www.__F3tPt4P.BpDh4hU.com'),(256,'JIDMA_WT_MO.bam','/mnt/data/nextcloud-data/CONECT-AML/files/WGS_bam_files/JIDMA_WT_MO.bam','/mnt/data/CONECT-bgi/hg38/WXD2E20DSULS/F20FTSEUET0037_mapping_7/JIDMA_WT_MO/result_alignment/JIDMA_WT_MO.bam',86.7,'4ab827e098211ce6aa150cf72173562a','JIDMA_WT_MO','http://www.kC2J9U917.c3gib5JwR.com'),(257,'LA0053_DG_MO.bam','/mnt/data/nextcloud-data/CONECT-AML/files/WGS_bam_files/LA0053_DG_MO.bam','/mnt/data/CONECT-bgi/hg38/WXD2E20DSULS/F20FTSEUET0037_mapping_7/LA0053_DG_MO/result_alignment/LA0053_DG_MO.bam',228,'04ad62b87f40c228dab4ed00bc1212ec','LA0053_DG_MO','http://www.p5ZViiDfKD.qrauKX.com'),(258,'LA0053_WT_SG.bam','/mnt/data/nextcloud-data/CONECT-AML/files/WGS_bam_files/LA0053_WT_SG.bam','/mnt/data/CONECT-bgi/hg38/WXD2E20DSULS/F20FTSEUET0037_mapping_7/LA0053_WT_SG/result_alignment/LA0053_WT_SG.bam',86.6,'e32e7554b6f5298df240f0de67be5c8a','LA0053_WT_SG','http://www.96NL_.Kmv4gn.com'),(259,'LELMA_DG_MO.bam','/mnt/data/nextcloud-data/CONECT-AML/files/WGS_bam_files/LELMA_DG_MO.bam','/mnt/data/CONECT-bgi/hg38/WXD2E20DSULS/F20FTSEUET0037_mapping_7/LELMA_DG_MO/result_alignment/LELMA_DG_MO.bam',206.2,'a5f9b05b4bb15b56ec2eb5e91154e77e','LELMA_DG_MO','http://www.43rBm_A.bnlBblVd.com'),(260,'LELMA_WT_MO_2.bam','/mnt/data/nextcloud-data/CONECT-AML/files/WGS_bam_files/LELMA_WT_MO_2.bam','/mnt/data/CONECT-bgi/hg38/WXF2E21CZ989/F21FTSEUET0124_HUMglbyR_18Jan2022_2/alignment/LELMA_WT_MO_2/LELMA_WT_MO_2.bam',111.5,'422b49fa4acad0eb7b2391e450524475','LELMA_WT_MO_2','http://www.Khtx4JY.KRV82Em2.com'),(261,'LEMAU_DG_MO.bam','/mnt/data/nextcloud-data/CONECT-AML/files/WGS_bam_files/LEMAU_DG_MO.bam','/mnt/data/CONECT-bgi/hg38/WXD2E20DSULS/F20FTSEUET0037_mapping_7/LEMAU_DG_MO/result_alignment/LEMAU_DG_MO.bam',225.2,'5ef8e61b4bf332e1f8a64275acaddd4c','LEMAU_DG_MO','http://www.rphJJPpiE._0ZFBCnW.com'),(262,'LEMAU_WT_MO_2.bam','/mnt/data/nextcloud-data/CONECT-AML/files/WGS_bam_files/LEMAU_WT_MO_2.bam','/mnt/data/CONECT-bgi/hg38/WXF2E21CZ989/F21FTSEUET0124_HUMglbyR_18Jan2022_2/alignment/LEMAU_WT_MO_2/LEMAU_WT_MO_2.bam',124.1,'297111874f177134e941380e9901f011','LEMAU_WT_MO_2','http://www.mJn1_.uoHKIXNCk_.com'),(263,'MARAN_DG_MO.bam','/mnt/data/nextcloud-data/CONECT-AML/files/WGS_bam_files/MARAN_DG_MO.bam','/mnt/data/CONECT-bgi/hg38/WXD2E20DSULS/F20FTSEUET0037_mapping_7/MARAN_DG_MO/result_alignment/MARAN_DG_MO.bam',226.4,'c9fd5b5baeeb1054f54282f87e4321a1','MARAN_DG_MO','http://www.v7CpnL9z6.9Nvm3Us.com'),(264,'MARAN_WT_MO.bam','/mnt/data/nextcloud-data/CONECT-AML/files/WGS_bam_files/MARAN_WT_MO.bam','/mnt/data/CONECT-bgi/hg38/WXD2E20DSULS/F20FTSEUET0037_mapping_7/MARAN_WT_MO/result_alignment/MARAN_WT_MO.bam',88.5,'0df46c65043e821eae46566198440aef','MARAN_WT_MO','http://www.Obp77kL.Ngmbzu.com'),(265,'RAGMA_DG_SG.bam','/mnt/data/nextcloud-data/CONECT-AML/files/WGS_bam_files/RAGMA_DG_SG.bam','/mnt/data/CONECT-bgi/hg38/WXD2E20DSULS/F20FTSEUET0037_mapping_7/RAGMA_DG_SG/result_alignment/RAGMA_DG_SG.bam',219.4,'8632aa1391a47be77bd2f20a3e3a4a61','RAGMA_DG_SG','http://www.B6-WvJR5K.YUqZYU0.com'),(266,'RAGMA_WT_MO_2.bam','/mnt/data/nextcloud-data/CONECT-AML/files/WGS_bam_files/RAGMA_WT_MO_2.bam','/mnt/data/CONECT-bgi/hg38/WXF2E21CZ989/F21FTSEUET0124_HUMglbyR_18Jan2022_2/alignment/RAGMA_WT_MO_2/RAGMA_WT_MO_2.bam',105.1,'8ae673af6582d5f6edb05fe0889a9fab','RAGMA_WT_MO_2','http://www.-Z2_iAb68.K7_nT.com'),(267,'RAVES_DG_MO.bam','/mnt/data/nextcloud-data/CONECT-AML/files/WGS_bam_files/RAVES_DG_MO.bam','/mnt/data/CONECT-bgi/hg38/WXD2E20DSULS/F20FTSEUET0037_mapping_7/RAVES_DG_MO/result_alignment/RAVES_DG_MO.bam',222.8,'cfa673ff58799eec43e7107d07c502e7','RAVES_DG_MO','http://www.EwU65OIff.WO0-QTWdi4.com'),(268,'RAVES_WT_MO.bam','/mnt/data/nextcloud-data/CONECT-AML/files/WGS_bam_files/RAVES_WT_MO.bam','/mnt/data/CONECT-bgi/hg38/WXD2E20DSULS/F20FTSEUET0037_mapping_7/RAVES_WT_MO/result_alignment/RAVES_WT_MO.bam',86.9,'f5754055d5bb5700a4aa0320b463180b','RAVES_WT_MO','http://www.r_HbWcF.SpHVFJDs.com'),(269,'SUDAR_DG_MO.bam','/mnt/data/nextcloud-data/CONECT-AML/files/WGS_bam_files/SUDAR_DG_MO.bam','/mnt/data/CONECT-bgi/hg38/WXD2E20DSULS/F20FTSEUET0037_mapping_7/SUDAR_DG_MO/result_alignment/SUDAR_DG_MO.bam',226.9,'a85e09f44728146b7e1bc1d3f790580a','SUDAR_DG_MO','http://www.BERJ_D33LC.R2kUaPB7i.com'),(270,'SUDAR_WT_MO.bam','/mnt/data/nextcloud-data/CONECT-AML/files/WGS_bam_files/SUDAR_WT_MO.bam','/mnt/data/CONECT-bgi/hg38/WXD2E20DSULS/F20FTSEUET0037_mapping_7/SUDAR_WT_MO/result_alignment/SUDAR_WT_MO.bam',83.8,'2f578dab1b1fcbcd3f8564329dcc6190','SUDAR_WT_MO','http://www.IoLL8n2Av.AVvpp7.com'),(271,'TEMCL_DG_MO.bam','/mnt/data/nextcloud-data/CONECT-AML/files/WGS_bam_files/TEMCL_DG_MO.bam','/mnt/data/CONECT-bgi/hg38/WXD2E20DSULS/F20FTSEUET0037_mapping_7/TEMCL_DG_MO/result_alignment/TEMCL_DG_MO.bam',233.8,'892964ad31e1ff91a62d5bf4026a11f1','TEMCL_DG_MO','http://www.9Vhg2r.G0p_Aor5.com'),(272,'TEMCL_WT_MO.bam','/mnt/data/nextcloud-data/CONECT-AML/files/WGS_bam_files/TEMCL_WT_MO.bam','/mnt/data/CONECT-bgi/hg38/WXD2E20DSULS/F20FTSEUET0037_mapping_7/TEMCL_WT_MO/result_alignment/TEMCL_WT_MO.bam',89.7,'bf03466e7cee550f840d753862c62b2d','TEMCL_WT_MO','http://www.CADKjQtjTJ.hGoDC-Pv.com'),(273,'TNO0098_DG_MO.bam','/mnt/data/nextcloud-data/CONECT-AML/files/WGS_bam_files/TNO0098_DG_MO.bam','/mnt/data/CONECT-bgi/hg38/WXD2E20DSULS/F20FTSEUET0037_mapping_7/TNO0098_DG_MO/result_alignment/TNO0098_DG_MO.bam',217.9,'55457144e5257a6cb1edc796878a269b','TNO0098_DG_MO','http://www.BxV_pBk-.Gv9lQPIS.com'),(274,'TNO0098_WT_SG_2.bam','/mnt/data/nextcloud-data/CONECT-AML/files/WGS_bam_files/TNO0098_WT_SG_2.bam','/mnt/data/CONECT-bgi/hg38/WXF2E21CZ989/F21FTSEUET0124_HUMglbyR_18Jan2022_2/alignment/TNO0098_WT_SG_2/TNO0098_WT_SG_2.bam',117.9,'6f37209600d87040c73cfd5812dca237','TNO0098_WT_SG_2','http://www.BP2bo.VKIdLc.com'),(275,'TNO0119_DG_MO.bam','/mnt/data/nextcloud-data/CONECT-AML/files/WGS_bam_files/TNO0119_DG_MO.bam','/mnt/data/CONECT-bgi/hg38/WX61D4933132/F20FTSEUET0037_mapping_1/TNO0119_DG_MO/result_alignment/TNO0119_DG_MO.bam',236.7,'b5ea90c82bdc24621094cdc86fac449c','TNO0119_DG_MO','http://www.RYef8ErK.aMvdsL6YN.com'),(276,'TNO0119_WT_MO.bam','/mnt/data/nextcloud-data/CONECT-AML/files/WGS_bam_files/TNO0119_WT_MO.bam','/mnt/data/CONECT-bgi/hg38/WX11D494EE8N/F20FTSEUET0037_mapping_2/TNO0119_WT_MO/result_alignment/TNO0119_WT_MO.bam',91.5,'dec861a635dde24efef67edf2fece36c','TNO0119_WT_MO','http://www.SENYnwh.fh8Ti.com'),(277,'TNO0128_DG_MO.bam','/mnt/data/nextcloud-data/CONECT-AML/files/WGS_bam_files/TNO0128_DG_MO.bam','/mnt/data/CONECT-bgi/hg38/WXX1EA9E8YUT/F20FTSEUET0037_mapping_3/TNO0128_DG_MO/result_alignment/TNO0128_DG_MO.bam',227.1,'cf0d240a2b56f84bc3562ae41e9e8323','TNO0128_DG_MO','http://www.jIKxJ0zZu.Wn-NuKU.com'),(278,'TNO0128_WT_SG.bam','/mnt/data/nextcloud-data/CONECT-AML/files/WGS_bam_files/TNO0128_WT_SG.bam','/mnt/data/CONECT-bgi/hg38/WXD2E20A6KCR/F20FTSEUET0037_mapping_4/TNO0128_WT_SG/result_alignment/TNO0128_WT_SG.bam',91.2,'2fc2d5da36af19d0e8b40387271d0195','TNO0128_WT_SG','http://www.iHSohjarl.vNrHxT7.com'),(279,'TNO0260_DG_MO.bam','/mnt/data/nextcloud-data/CONECT-AML/files/WGS_bam_files/TNO0260_DG_MO.bam','/mnt/data/CONECT-bgi/hg38/WXF2E21CZ989/F21FTSEUET0124_HUMglbyR_18Jan2022_2/alignment/TNO0260_DG_MO/TNO0260_DG_MO.bam',323.3,'f5c8bcaeec6d01d579f41f45bda03ffc','TNO0260_DG_MO','http://www.pWjGN.kKoOTwFe-q.com'),(280,'TNO0260_WT_MO.bam','/mnt/data/nextcloud-data/CONECT-AML/files/WGS_bam_files/TNO0260_WT_MO.bam','/mnt/data/CONECT-bgi/hg38/WXF2E21CZ989/F21FTSEUET0124_HUMglbyR_18Jan2022_2/alignment/TNO0260_WT_MO/TNO0260_WT_MO.bam',129.1,'706648a675ce2225a9f96f0ed304f624','TNO0260_WT_MO','http://www.zJdfcdOfJa.5Fa6ET.com'),(281,'TNO0314_DG_MO.bam','/mnt/data/nextcloud-data/CONECT-AML/files/WGS_bam_files/TNO0314_DG_MO.bam','/mnt/data/CONECT-bgi/hg38/WXF2E21CZ989/F21FTSEUET0124_HUMglbyR_18Jan2022_2/alignment/TNO0314_DG_MO/TNO0314_DG_MO.bam',318.1,'f4057d951f2e20fbf9d57f238204620c','TNO0314_DG_MO','http://www.H2YBZ6fWl.Jmsbd0.com'),(282,'TNO0314_WT_MO.bam','/mnt/data/nextcloud-data/CONECT-AML/files/WGS_bam_files/TNO0314_WT_MO.bam','/mnt/data/CONECT-bgi/hg38/WXF2E21CZ989/F21FTSEUET0124_HUMglbyR_18Jan2022_2/alignment/TNO0314_WT_MO/TNO0314_WT_MO.bam',132.8,'3833ba950bcf6864892d80691bb9ca55','TNO0314_WT_MO','http://www.ZG4tSmiidt.YZvNk.com'),(283,'TNO0376_DG_MO.bam','/mnt/data/nextcloud-data/CONECT-AML/files/WGS_bam_files/TNO0376_DG_MO.bam','/mnt/data/CONECT-bgi/hg38/WXF2E21CZ989/F21FTSEUET0124_HUMglbyR_18Jan2022_2/alignment/TNO0376_DG_MO/TNO0376_DG_MO.bam',371.9,'b07f09a51978a9160c52d73206eccc81','TNO0376_DG_MO','http://www.nx8FTxB1b.ffncpdBqi.com'),(284,'TNO0376_WT_MO.bam','/mnt/data/nextcloud-data/CONECT-AML/files/WGS_bam_files/TNO0376_WT_MO.bam','/mnt/data/CONECT-bgi/hg38/WXF2E21CZ989/F21FTSEUET0124_HUMglbyR_18Jan2022_2/alignment/TNO0376_WT_MO/TNO0376_WT_MO.bam',124.3,'a8187914511db348423f1625a4bbbf30','TNO0376_WT_MO','http://www.GbgvYe.6frld2t1.com'),(285,'TNO0391_DG_MO.bam','/mnt/data/nextcloud-data/CONECT-AML/files/WGS_bam_files/TNO0391_DG_MO.bam','/mnt/data/CONECT-bgi/hg38/WXF2E21CZ989/F21FTSEUET0124_HUMglbyR_18Jan2022_2/alignment/TNO0391_DG_MO/TNO0391_DG_MO.bam',387.9,'80efbd1b9821f5151214203818d283ba','TNO0391_DG_MO','http://www.RavBK90.xqTX0wd.com'),(286,'TNO0391_WT_MO.bam','/mnt/data/nextcloud-data/CONECT-AML/files/WGS_bam_files/TNO0391_WT_MO.bam','/mnt/data/CONECT-bgi/hg38/WXF2E21CZ989/F21FTSEUET0124_HUMglbyR_18Jan2022_2/alignment/TNO0391_WT_MO/TNO0391_WT_MO.bam',122.4,'fad4e780e931c9296b946cbe9ff03ed1','TNO0391_WT_MO','http://www.Hm0fn3So.BCoxQgk.com'),(287,'TNO0480_DG_MO.bam','/mnt/data/nextcloud-data/CONECT-AML/files/WGS_bam_files/TNO0480_DG_MO.bam','/mnt/data/CONECT-bgi/hg38/WXF2E21CZ989/F21FTSEUET0124_HUMglbyR_18Jan2022_2/alignment/TNO0480_DG_MO/TNO0480_DG_MO.bam',335.2,'7c087d6c30e5fb323da3d99263940f1a','TNO0480_DG_MO','http://www.Vv6PLrg.fyeaIa.com'),(288,'TNO0480_WT_MO.bam','/mnt/data/nextcloud-data/CONECT-AML/files/WGS_bam_files/TNO0480_WT_MO.bam','/mnt/data/CONECT-bgi/hg38/WXG2E31ECMP7/F21FTSEUET0124_HUMglbyR_18Jan2022_3/alignment/TNO0480_WT_MO/TNO0480_WT_MO.bam',110.9,'b1c445076c042e31bc1d093bce474e6a','TNO0480_WT_MO','http://www.0kZeUHXr0G.pENvPsXnc1.com'),(289,'TNO0569_DG_MO.bam','/mnt/data/nextcloud-data/CONECT-AML/files/WGS_bam_files/TNO0569_DG_MO.bam','/mnt/data/CONECT-bgi/hg38/WXG2E31ECMP7/F21FTSEUET0124_HUMglbyR_18Jan2022_3/alignment/TNO0569_DG_MO/TNO0569_DG_MO.bam',327.8,'eb8b3c9504c9c837a70eca574bd06b92','TNO0569_DG_MO','http://www.VcQK8t.LQiqaQ0.com'),(290,'TNO0569_WT_SG.bam','/mnt/data/nextcloud-data/CONECT-AML/files/WGS_bam_files/TNO0569_WT_SG.bam','/mnt/data/CONECT-bgi/hg38/WXG2E31ECMP7/F21FTSEUET0124_HUMglbyR_18Jan2022_3/alignment/TNO0569_WT_SG/TNO0569_WT_SG.bam',109.7,'4d94ad0a5fd654993b6995c345c9f367','TNO0569_WT_SG','http://www.aEWRuOfGk.OsayqCfNR9.com'),(291,'TNO0573_DG_MO.bam','/mnt/data/nextcloud-data/CONECT-AML/files/WGS_bam_files/TNO0573_DG_MO.bam','/mnt/data/CONECT-bgi/hg38/WXG2E31ECMP7/F21FTSEUET0124_HUMglbyR_18Jan2022_3/alignment/TNO0573_DG_MO/TNO0573_DG_MO.bam',324.2,'8dac31302f3c7fdf2f50ce8eb57603a7','TNO0573_DG_MO','http://www.Shk0e.-q14SBT.com'),(292,'TNO0573_WT_SG.bam','/mnt/data/nextcloud-data/CONECT-AML/files/WGS_bam_files/TNO0573_WT_SG.bam','/mnt/data/CONECT-bgi/hg38/WXG2E31ECMP7/F21FTSEUET0124_HUMglbyR_18Jan2022_3/alignment/TNO0573_WT_SG/TNO0573_WT_SG.bam',108.2,'e20f2d4c8f1ea698f89687c651275124','TNO0573_WT_SG','http://www.ArWOEDyDPA.tVTn4lN3U2.com'),(293,'TNO0597_DG_MO.bam','/mnt/data/nextcloud-data/CONECT-AML/files/WGS_bam_files/TNO0597_DG_MO.bam','/mnt/data/CONECT-bgi/hg38/WXG2E31ECMP7/F21FTSEUET0124_HUMglbyR_18Jan2022_3/alignment/TNO0597_DG_MO/TNO0597_DG_MO.bam',325.7,'f7c87009ac41bc97d21e835f6833a9b5','TNO0597_DG_MO','http://www.CfUt2k6.glqDOz6wu.com'),(294,'TNO0597_WT_SG.bam','/mnt/data/nextcloud-data/CONECT-AML/files/WGS_bam_files/TNO0597_WT_SG.bam','/mnt/data/CONECT-bgi/hg38/WXG2E31ECMP7/F21FTSEUET0124_HUMglbyR_18Jan2022_3/alignment/TNO0597_WT_SG/TNO0597_WT_SG.bam',93.4,'4932d95798e4ec2df9f1d66661ec568d','TNO0597_WT_SG','http://www.jtFpMmJJV.GeRJSmIg6s.com'),(295,'TNO0609_DG_MO.bam','/mnt/data/nextcloud-data/CONECT-AML/files/WGS_bam_files/TNO0609_DG_MO.bam','/mnt/data/CONECT-bgi/hg38/WXG2E31ECMP7/F21FTSEUET0124_HUMglbyR_18Jan2022_3/alignment/TNO0609_DG_MO/TNO0609_DG_MO.bam',330.7,'ee4a7d0225bdf22b48b65acc14026684','TNO0609_DG_MO','http://www.geXvIT.SJ70Etzr.com'),(296,'TNO0609_WT_SG.bam','/mnt/data/nextcloud-data/CONECT-AML/files/WGS_bam_files/TNO0609_WT_SG.bam','/mnt/data/CONECT-bgi/hg38/WXG2E31ECMP7/F21FTSEUET0124_HUMglbyR_18Jan2022_3/alignment/TNO0609_WT_SG/TNO0609_WT_SG.bam',109.4,'5202751825a784862589367991625d1c','TNO0609_WT_SG','http://www.O-j3W13vf.ik-PHj.com');
/*!40000 ALTER TABLE `files` ENABLE KEYS */;
UNLOCK TABLES;

--
-- Table structure for table `patients`
--

DROP TABLE IF EXISTS `patients`;
/*!40101 SET @saved_cs_client     = @@character_set_client */;
/*!50503 SET character_set_client = utf8mb4 */;
CREATE TABLE `patients` (
  `Patient_ID` varchar(35) NOT NULL,
  `Project_id` int NOT NULL,
  PRIMARY KEY (`Patient_ID`),
  KEY `Project_id` (`Project_id`),
  CONSTRAINT `Project_id` FOREIGN KEY (`Project_id`) REFERENCES `projects` (`Project_ID`)
) ENGINE=InnoDB DEFAULT CHARSET=utf8mb3;
/*!40101 SET character_set_client = @saved_cs_client */;

--
-- Dumping data for table `patients`
--

LOCK TABLES `patients` WRITE;
/*!40000 ALTER TABLE `patients` DISABLE KEYS */;
INSERT INTO `patients` VALUES ('01002',1),('01004',1),('01021',1),('01031',1),('01038',1),('01040',1),('01044',1),('01047',1),('01053',1),('05006',1),('05007',1),('05009',1),('05013',1),('05014',1),('05015',1),('05018',1),('08006',1),('10001',1),('10002',1),('11034',1),('11036',1),('13009',1),('13011',1),('13016',1),('13020',1),('13023',1),('13026',1),('13029',1),('16008',1),('16013',1),('17006',1),('17009',1),('18008',1),('20011',1),('20015',1),('20017',1),('20018',1),('20030',1),('21006',1),('22006',1),('22007',1),('26007',1),('29005',1),('29007',1),('29010',1),('29012',1),('AOULE',1),('BAHAM',1),('BOURI',1),('BRECA',1),('C1',1),('C2',1),('C3',1),('C4',1),('CHERA',1),('CONDI',1),('CRALE',1),('DESRO',1),('GARTH',1),('GHEAD',1),('GHERA',1),('HAIIL',1),('HASCH',1),('JIDMA',1),('LA0053',1),('LELMA',1),('LEMAU',1),('MARAN',1),('RAGMA',1),('RAVES',1),('SUDAR',1),('TEMCL',1),('TNO0098',1),('TNO0119',1),('TNO0128',1),('TNO0260',1),('TNO0314',1),('TNO0376',1),('TNO0391',1),('TNO0480',1),('TNO0569',1),('TNO0573',1),('TNO0597',1),('TNO0609',1);
/*!40000 ALTER TABLE `patients` ENABLE KEYS */;
UNLOCK TABLES;

--
-- Table structure for table `projects`
--

DROP TABLE IF EXISTS `projects`;
/*!40101 SET @saved_cs_client     = @@character_set_client */;
/*!50503 SET character_set_client = utf8mb4 */;
CREATE TABLE `projects` (
  `Project_ID` int NOT NULL,
  `Project_name` varchar(45) CHARACTER SET utf8mb3 COLLATE utf8mb3_general_ci NOT NULL DEFAULT 'no_name_yet',
  `Project_Description` varchar(300) CHARACTER SET utf8mb3 COLLATE utf8mb3_general_ci NOT NULL DEFAULT 'no_description_yet',
  PRIMARY KEY (`Project_ID`)
) ENGINE=InnoDB DEFAULT CHARSET=utf8mb3;
/*!40101 SET character_set_client = @saved_cs_client */;

--
-- Dumping data for table `projects`
--

LOCK TABLES `projects` WRITE;
/*!40000 ALTER TABLE `projects` DISABLE KEYS */;
INSERT INTO `projects` VALUES (1,'CONECT-AML','no_description_yet');
/*!40000 ALTER TABLE `projects` ENABLE KEYS */;
UNLOCK TABLES;

--
-- Table structure for table `samples`
--

DROP TABLE IF EXISTS `samples`;
/*!40101 SET @saved_cs_client     = @@character_set_client */;
/*!50503 SET character_set_client = utf8mb4 */;
CREATE TABLE `samples` (
  `Sample_ID` varchar(40) NOT NULL,
  `Patient_id` varchar(40) NOT NULL,
  PRIMARY KEY (`Sample_ID`),
  KEY `Patient_id` (`Patient_id`),
  CONSTRAINT `Patient_id` FOREIGN KEY (`Patient_id`) REFERENCES `patients` (`Patient_ID`) ON DELETE CASCADE ON UPDATE CASCADE
) ENGINE=InnoDB DEFAULT CHARSET=utf8mb3;
/*!40101 SET character_set_client = @saved_cs_client */;

--
-- Dumping data for table `samples`
--

LOCK TABLES `samples` WRITE;
/*!40000 ALTER TABLE `samples` DISABLE KEYS */;
INSERT INTO `samples` VALUES ('01002_DG_MO','01002'),('01002_DG_MO_RNA','01002'),('01002_WT_MO','01002'),('01004_DG_MO','01004'),('01004_WT_MO_2','01004'),('01021_DG_MO','01021'),('01021_DG_MO_RNA','01021'),('01021_WT_MO','01021'),('01031_DG_MO','01031'),('01031_DG_SG_RNA','01031'),('01031_WT_MO','01031'),('01038_DG_MO','01038'),('01038_WT_MO','01038'),('01040_DG_MO','01040'),('01040_DG_MO_RNA','01040'),('01040_WT_MO','01040'),('01044_DG_MO','01044'),('01044_DG_MO_RNA','01044'),('01044_WT_MO','01044'),('01047_DG_MO','01047'),('01047_WT_SG','01047'),('01053_DG_MO','01053'),('01053_WT_MO','01053'),('05006_DG_MO','05006'),('05006_DG_MO_RNA','05006'),('05006_WT_SG','05006'),('05007_DG_MO','05007'),('05007_DG_MO_RNA','05007'),('05007_WT_SG','05007'),('05009_DG_MO','05009'),('05009_DG_MO_RNA','05009'),('05009_WT_SG','05009'),('05013_DG_MO','05013'),('05013_DG_SG_RNA','05013'),('05013_WT_MO','05013'),('05014_DG_MO','05014'),('05014_WT_SG','05014'),('05015_DG_MO','05015'),('05015_DG_MO_RNA','05015'),('05015_WT_SG','05015'),('05018_DG_MO','05018'),('05018_WT_MO','05018'),('08006_DG_MO','08006'),('08006_WT_SG','08006'),('10001_DG_MO','10001'),('10001_WT_SG','10001'),('10002_DG_MO','10002'),('10002_DG_MO_RNA','10002'),('10002_WT_MO','10002'),('11034_DG_MO','11034'),('11034_WT_SG','11034'),('11036_DG_MO','11036'),('11036_DG_MO_RNA','11036'),('11036_WT_SG','11036'),('13009_DG_MO','13009'),('13009_DG_MO_RNA','13009'),('13009_WT_SG','13009'),('13011_DG_MO','13011'),('13011_DG_MO_RNA','13011'),('13011_WT_MO','13011'),('13016_DG_MO','13016'),('13016_WT_SG','13016'),('13020_DG_MO','13020'),('13020_DG_MO_RNA','13020'),('13020_WT_SG','13020'),('13023_DG_MO','13023'),('13023_DG_MO_RNA','13023'),('13023_WT_SG','13023'),('13026_DG_MO','13026'),('13026_DG_MO_RNA','13026'),('13026_WT_SG','13026'),('13029_DG_MO','13029'),('13029_DG_MO_RNA','13029'),('13029_WT_SG','13029'),('16008_DG_MO','16008'),('16008_DG_SG_RNA','16008'),('16008_WT_MO','16008'),('16013_DG_MO','16013'),('16013_DG_MO_RNA','16013'),('16013_WT_SG','16013'),('17006_DG_MO','17006'),('17006_DG_MO_RNA','17006'),('17006_WT_SG','17006'),('17009_DG_SG','17009'),('17009_WT_SG','17009'),('18008_DG_MO','18008'),('18008_WT_SG','18008'),('20011_DG_MO','20011'),('20011_DG_MO_RNA','20011'),('20011_WT_MO','20011'),('20015_DG_MO','20015'),('20015_WT_SG_2','20015'),('20017_DG_SG','20017'),('20017_DG_SG_RNA','20017'),('20017_WT_MO','20017'),('20018_DG_SG','20018'),('20018_DG_SG_RNA','20018'),('20018_WT_SG','20018'),('20030_DG_MO','20030'),('20030_DG_MO_RNA','20030'),('20030_WT_MO','20030'),('21006_DG_SG','21006'),('21006_DG_SG_RNA','21006'),('21006_WT_SG','21006'),('22006_DG_MO','22006'),('22006_DG_MO_RNA','22006'),('22006_WT_SG','22006'),('22007_DG_MO','22007'),('22007_DG_MO_RNA','22007'),('22007_WT_SG','22007'),('26007_DG_MO','26007'),('26007_DG_MO_RNA','26007'),('26007_WT_SG','26007'),('29005_DG_SG','29005'),('29005_WT_SG','29005'),('29007_DG_MO','29007'),('29007_DG_MO_RNA','29007'),('29007_WT_SG','29007'),('29010_DG_MO','29010'),('29010_DG_MO_RNA','29010'),('29010_WT_MO','29010'),('29012_DG_SG','29012'),('29012_DG_SG_RNA','29012'),('29012_WT_SG','29012'),('AOULE_DG_MO','AOULE'),('AOULE_DG_MO_RNA','AOULE'),('AOULE_WT_MO','AOULE'),('BAHAM_DG_MO','BAHAM'),('BAHAM_DG_MO_RNA','BAHAM'),('BAHAM_WT_MO','BAHAM'),('BOURI_DG_MO','BOURI'),('BOURI_DG_MO_RNA','BOURI'),('BOURI_WT_MO_2','BOURI'),('BRECA_DG_MO','BRECA'),('BRECA_DG_MO_RNA','BRECA'),('BRECA_WT_MO','BRECA'),('C1_NORM_VIRMO_RNA','C1'),('C2_NORM_VIRMO_RNA','C2'),('C3_NORM_VIRMO_RNA','C3'),('C4_NORM_VIRMO_RNA','C4'),('CHERA_DG_MO','CHERA'),('CHERA_DG_MO_RNA','CHERA'),('CHERA_WT_MO_2','CHERA'),('CONDI_DG_MO','CONDI'),('CONDI_DG_MO_RNA','CONDI'),('CONDI_WT_MO','CONDI'),('CRALE_DG_MO','CRALE'),('CRALE_DG_MO_RNA','CRALE'),('CRALE_WT_MO','CRALE'),('DESRO_DG_MO','DESRO'),('DESRO_DG_MO_RNA','DESRO'),('DESRO_WT_MO','DESRO'),('GARTH_DG_MO','GARTH'),('GARTH_DG_MO_RNA','GARTH'),('GARTH_WT_MO_2','GARTH'),('GHEAD_DG_MO','GHEAD'),('GHEAD_WT_MO','GHEAD'),('GHERA_DG_MO_RNA','GHERA'),('HAIIL_DG_MO','HAIIL'),('HAIIL_DG_MO_RNA','HAIIL'),('HAIIL_WT_MO','HAIIL'),('HASCH_DG_MO','HASCH'),('HASCH_DG_MO_RNA','HASCH'),('HASCH_WT_MO','HASCH'),('JIDMA_DG_MO','JIDMA'),('JIDMA_DG_MO_RNA','JIDMA'),('JIDMA_WT_MO','JIDMA'),('LA0053_DG_MO','LA0053'),('LA0053_DG_MO_RNA','LA0053'),('LA0053_WT_SG','LA0053'),('LELMA_DG_MO','LELMA'),('LELMA_DG_MO_RNA','LELMA'),('LELMA_WT_MO_2','LELMA'),('LEMAU_DG_MO','LEMAU'),('LEMAU_DG_MO_RNA','LEMAU'),('LEMAU_WT_MO_2','LEMAU'),('MARAN_DG_MO','MARAN'),('MARAN_DG_MO_RNA','MARAN'),('MARAN_WT_MO','MARAN'),('RAGMA_DG_MO_RNA','RAGMA'),('RAGMA_DG_SG','RAGMA'),('RAGMA_WT_MO_2','RAGMA'),('RAVES_DG_MO','RAVES'),('RAVES_DG_MO_RNA','RAVES'),('RAVES_WT_MO','RAVES'),('SUDAR_DG_MO','SUDAR'),('SUDAR_DG_MO_RNA','SUDAR'),('SUDAR_WT_MO','SUDAR'),('TEMCL_DG_MO','TEMCL'),('TEMCL_DG_MO_RNA','TEMCL'),('TEMCL_WT_MO','TEMCL'),('TNO0098_DG_MO','TNO0098'),('TNO0098_DG_MO_RNA','TNO0098'),('TNO0098_WT_SG_2','TNO0098'),('TNO0119_DG_MO','TNO0119'),('TNO0119_DG_MO_RNA','TNO0119'),('TNO0119_WT_MO','TNO0119'),('TNO0128_DG_MO','TNO0128'),('TNO0128_DG_MO_RNA','TNO0128'),('TNO0128_WT_SG','TNO0128'),('TNO0260_DG_MO','TNO0260'),('TNO0260_WT_MO','TNO0260'),('TNO_0260_DG_MO_RNA','TNO0260'),('TNO0314_DG_MO','TNO0314'),('TNO0314_WT_MO','TNO0314'),('TNO_0314_DG_MO_RNA','TNO0314'),('TNO0376_DG_MO','TNO0376'),('TNO0376_WT_MO','TNO0376'),('TNO_0376_DG_MO_RNA','TNO0376'),('TNO0391_DG_MO','TNO0391'),('TNO0391_WT_MO','TNO0391'),('TNO_0391_DG_MO_RNA','TNO0391'),('TNO0480_DG_MO','TNO0480'),('TNO0480_WT_MO','TNO0480'),('TNO_0480_DG_MO_RNA','TNO0480'),('TNO0569_DG_MO','TNO0569'),('TNO0569_WT_SG','TNO0569'),('TNO_0569_DG_MO_RNA','TNO0569'),('TNO0573_DG_MO','TNO0573'),('TNO0573_WT_SG','TNO0573'),('TNO_0573_DG_MO_RNA','TNO0573'),('TNO0597_DG_MO','TNO0597'),('TNO0597_WT_SG','TNO0597'),('TNO_0597_DG_MO_RNA','TNO0597'),('TNO0609_DG_MO','TNO0609'),('TNO0609_WT_SG','TNO0609'),('TNO_0609_DG_MO_RNA','TNO0609');
/*!40000 ALTER TABLE `samples` ENABLE KEYS */;
UNLOCK TABLES;
/*!40103 SET TIME_ZONE=@OLD_TIME_ZONE */;

/*!40101 SET SQL_MODE=@OLD_SQL_MODE */;
/*!40014 SET FOREIGN_KEY_CHECKS=@OLD_FOREIGN_KEY_CHECKS */;
/*!40014 SET UNIQUE_CHECKS=@OLD_UNIQUE_CHECKS */;
/*!40101 SET CHARACTER_SET_CLIENT=@OLD_CHARACTER_SET_CLIENT */;
/*!40101 SET CHARACTER_SET_RESULTS=@OLD_CHARACTER_SET_RESULTS */;
/*!40101 SET COLLATION_CONNECTION=@OLD_COLLATION_CONNECTION */;
/*!40111 SET SQL_NOTES=@OLD_SQL_NOTES */;

-- Dump completed on 2023-09-20 10:59:49